अकुविती,थर
अक्सिजन,भूगोल
अगमवक्ता,धर्म
अंगरक्षक,पेशा
अगौली,थर
अग्नाशयी,अंग
अग्रवाल,थर
अघेल,थर
अघौली,थर
अघौले,थर
अङ्गुर,वनस्पति
अछोङ,थर
अजयमेरु,ठाउँ
अजिरकोट,ठाउँ
अटल,थर
अट्ठाइस,अङ्क
अठचालिस,अङ्क
अठतिस,अङ्क
अठभैया,थर
अठसट्ठी,अङ्क
अठहत्तर,अङ्क
अठार,अङ्क
अठासी,अङ्क
अंडकोष,अंग
अंडाशय,अंग
अडुकिया,थर
अंतरिक्ष यात्री,पेशा
अतिथि,सम्बन्ध
अदानचुली,ठाउँ
अदालत,कानून
अदेन,थर
अधिकारी,थर
अधिनायक,गालि
अधिनायक तन्त्र,गालि
अधिनायकत्व,गालि
अधिनायकवाद,गालि
अधिनायकवादी,गालि
अधिनायकी,गालि
अधिवक्ता,पेशा
अधुवा,थर
अधौँ,थर
अनियन्त्रित उतेजना,रोग
अनुवा,थर
अनुहार,अंग
अन्ठाउन्न,अङ्क
अन्ठानब्बे,अङ्क
"अन्तरिक्ष, ठाँउ",ब्रह्माण्ड
अन्तस्करण,धर्म
अन्धभक्त,गालि
अन्धा,गालि
अन्धी,गालि
अन्धो,गालि
अन्नपूर्णा,ठाउँ
अन्सारी,थर
अपराध,गालि
अपराध,कानून
अपराध स्वीकार गर्नु,धर्म
अपराधी,गालि
अपरिपक्व,गालि
अपरिपक्वता,गालि
अपहरण,कानून
अपिहिमाल,ठाउँ
अपुताली,गालि
अपुतो,गालि
अपुत्र,गालि
अपुत्री,गालि
अबुझ,गालि
अबुझकी,गालि
अब्दुल,थर
अभिनेता,पेशा
अभिनेत्री,पेशा
अभिमान,गालि
अभिमानी,गालि
अभियोग,कानून
अमगाईँ/अंगाईँ,थर
अमरगढी,ठाउँ
अमरिया,थर
अमात्य,थर
अम्बा,वनस्पति
अम्लता,रोग
अरगरिया,थर
अरगेजा,थर
अरसुङ,थर
अरिङ्गाल,गालि
अरुण,ठाउँ
अर्को दिन,समय
अर्घाली,थर
अर्घुले,थर
अर्घ्याली,थर
अर्चामी,थर
अर्जुनचौपारी,ठाउँ
अर्जुनधारा,ठाउँ
अर्धपागल,गालि
अर्नामा,ठाउँ
अर्रासे,थर
अलच्छिन,गालि
अलच्छिनी,गालि
अली,थर
अल्लाह,धर्म
अल्सर,रोग
अवधिया,थर
अवस्थी,थर
अवैध,कानून
अश्लील,गालि
अश्लीलता,गालि
असक्षम,गालि
असल,कानून
असलामी,थर
असिना,मौसम
असिना,धर्म
असी,अङ्क
असुरपाती,थर
अस्तोमू,थर
अस्थमा,रोग
अस्लामी,थर
अहिर,थर
आइमाई,गालि
आउना,थर
आकाङमी,थर
आकाश,मौसम
आकाश,भूगोल
आकाशगंगा,ब्रह्माण्ड
आक्नु,कानून
आँखा,अंग
आखांको नानी,अंग
आँखो फोड्नु,गालि
आगन्जा,थर
आग्रिबक,थर
आङबुङ,थर
आङबुहाङ,थर
आङबो,थर
आङ्थुम्पो,थर
आङ्देम्बे,थर
आङ्बो,थर
आङ्ला,थर
आचाजु,थर
आचार्य,थर
आची,गालि
आची खानु,गालि
आज,समय
आठ,अङ्क
आठघरे,थर
आठबिस,ठाउँ
आठबिसकोट,ठाउँ
आठराई,ठाउँ
आतङ्क,गालि
आतङ्क मच्चाउनु,गालि
आतङ्ककारी,गालि
आतङ्कपूर्ण,गालि
आतङ्कयुद्ध,गालि
आतङ्कवाद,गालि
आतङ्कवादी,गालि
आतङ्कित,गालि
आत्मा,अंग
आत्मा,धर्म
आत्ले,थर
आदर्श,ठाउँ
आदर्शकोटवाल,ठाउँ
आदिखाम,थर
आदिया,थर
आँधी,मौसम
आँधी,भूगोल
आंधी,मौसम
आँधीखोला,ठाउँ
आध्यात्मिक,धर्म
आनी,थर
आन्जरख्या,थर
आन्द्रा,अंग
आँप,वनस्पति
आपागार्इं,थर
आफरवाडी,थर
आफैं मपाईं,गालि
आफ्नो खुट्टामा बन्चरो हान्नु,गालि
आफ्नो बयान आफैं,गालि
आबुखैरेनी,ठाउँ
आमचोक,ठाउँ
आमत,थर
आमा,सम्बन्ध
आमाछोदिङ्मो,ठाउँ
आम्बाराङ,थर
आयाबुस,थर
आरण,थर
आरन,थर
आरुघाट,ठाउँ
आर्द्र,मौसम
आल,थर
आलम,थर
आला,थर
आलालाम्जुङ,थर
आलीताल,ठाउँ
आलु,गालि
आलु,वनस्पति
आलु पाँडे,गालि
आलुपालू,थर
आलुबखडा,वनस्पति
आले,थर
आल्जेन,थर
आवाजुङ,थर
आवाना,थर
आशिष,धर्म
आशिषित,धर्म
आश्रम,थर
आसवा,थर
आसाजू,थर
आसेपासे,गालि
आस्तिकवाद,धर्म
इकचई,थर
इकचापी,थर
इक्केचा,थर
इघिङ्गू,थर
इघिङ्गो,थर
इङगोम,थर
इङनाम,थर
इङ्वा,थर
इच्छाकामना,ठाउँ
इछो,थर
इजम,थर
इटहरी,ठाउँ
इथोङ्मू,थर
इनरुवा,ठाउँ
इनाणी,थर
इन्दुबार,थर
इन्द्रसरोवर,ठाउँ
इन्द्रावती,ठाउँ
इन्द्रेणी,मौसम
इन्फ्लुएन्जा,रोग
इभेङ,थर
इमली,वनस्पति
इमसुङ,थर
इमसोङ,थर
इमाहाङ,थर
इमिमू,थर
इरानाथ,ठाउँ
इलासोलोङ,थर
इलुङुवाङ,थर
इसर,थर
इसारा,थर
इसाराछा,थर
इस्पो,थर
इस्बो,थर
इस्मा,ठाउँ
इस्लाम,धर्म
इस्लामी,थर
ईन्डियन,गालि
ईश्वरपुर,ठाउँ
ईश्वरवाद,धर्म
ईश्वरीय,धर्म
उक्याव,थर
उखु,वनस्पति
उचई,थर
उचै,थर
उछारपछार,गालि
उछारपाटो,गालि
उँट,जनावर
उँटवालिया,थर
"उड्नु, झिङ्गा",कीरा
उत्तरगया,ठाउँ
उत्तराधिकारिणी,सम्बन्ध
उनचङ,थर
उनन्चालिस,अङ्क
उनन्चास,अङ्क
उनन्तिस,अङ्क
उनन्सत्तरी,अङ्क
उनन्सय,अङ्क
उनन्साठी,अङ्क
उनानब्बे,अङ्क
उनासी,अङ्क
उन्नाइस,अङ्क
उपग्रह,ब्रह्माण्ड
उपत्यका,भूगोल
उपवास,धर्म
उपाध्याय,थर
"उपासना, पूजा गर्नु",धर्म
उप्रेती,थर
उमाकुण्ड,ठाउँ
उमारा,थर
उमेर,समय
उम्तावा,थर
उम्मेदवार,राजनिती
उर्लाबारी,ठाउँ
उलक,थर
उलाँगे,थर
उलिङ,थर
उलुङ्गे,थर
उलोङमा,थर
उल्का,ब्रह्माण्ड
उल्ठहवा,थर
उल्फाको धन फुपूको श्राद्ध,गालि
उल्लक,थर
उल्लु,गालि
उल्लू,चरा
उल्लूका पट्टा,गालि
उषाकाल,समय
ऋणदाता,पेशा
ऋषिङ,ठाउँ
एक,अङ्क
एकचई,थर
एकचालिस,अङ्क
एकडारा,ठाउँ
एकतिस,अङ्क
एकथुहाङ,थर
एकमात्र इश्वरको विश्वास गर्ने,धर्म
एकसट्ठी,अङ्क
एकहत्तर,अङ्क
एकाउन्न,अङ्क
एकादश,अङ्क
एकान्नब्बे,अङ्क
एकाला,थर
एकासी,अङ्क
एक्काइस,अङ्क
एक्कुवा,थर
एघार,अङ्क
एट्वाल,थर
एडी,थर
एड्स,गालि
एबाई,थर
एयरोस्पेस,ब्रह्माण्ड
एरी,थर
एलावा,थर
एलेङ,थर
एल्बो,अंग
एवैछा,थर
एसर,थर
एसलामी,थर
ऐझेरु,गालि
ऐर,थर
ऐरण,थर
ऐरी,थर
ऐस,गालि
ऐँसेलुखर्क,ठाउँ
ओक्तुहाङ,थर
ओख,थर
ओखरबोटे,थर
ओखरेल,थर
ओखाबू,थर
ओग्रेली,थर
ओङ्दा,थर
ओझा,थर
ओठ,अंग
ओदुङ्मू,थर
ओदो,थर
ओनाक्पा,थर
ओनेम,थर
ओभन,भान्सा
ओभर,गालि
ओभर नबोल,गालि
ओभर नहो,गालि
ओम्बुले,थर
ओम्बो,थर
ओर,थर
ओराङ्उटन,जनावर
ओरामा,थर
ओलाखाम,थर
ओली,थर
ओलेली,थर
ओसेबन,थर
ओस्ती,थर
ओस्थी,थर
औकात,गालि
औजी,थर
औंठा,अंग
औंठा छाप,गालि
औरही,ठाउँ
औरोरा,ब्रह्माण्ड
औंला,अंग
औलाद,गालि
ककनी,ठाउँ
ककरानिया,थर
कंकाल,अंग
कक्षपति,थर
कंगारु,जनावर
कचनकबल,ठाउँ
कछडिया,थर
कछुवा,जनावर
कञ्चनपुर,ठाउँ
कटक्युम,थर
कटहरिया,ठाउँ
कटहरी,ठाउँ
कटहल,वनस्पति
कटुवाल,थर
कटुवाल्नी,थर
कट्टर,गालि
कट्टर,धर्म
कट्टु,गालि
कट्टेल,थर
कठपुतली,गालि
कठबानिया,थर
कठरिया,थर
कठाइत,थर
कठायत,थर
कठेत,थर
कडरार,थर
कडायत,थर
कँडेल,थर
कण्ठ,थर
कण्डेल,थर
कथरिया,थर
कनकासुन्दरी,ठाउँ
कनजिया,थर
कनुजिया,थर
कनैया,थर
कनोजिया,थर
कनौजिया,थर
कनौजे,थर
कनौडिया,थर
कन्काई,ठाउँ
कन्डम,गालि
कन्डो,गालि
कन्डो पछाडि कुरा काट्नु,गालि
कन्दका,थर
कन्दङवा,थर
कन्दनी,गालि
कन्दने,गालि
कन्दोई,थर
कन्या,गालि
कपट,गालि
कपटी,गालि
कपाल,अंग
कपिलवस्तु,ठाउँ
कपुत,गालि
कपुरकोट,ठाउँ
कप्तान,पेशा
कबर,थर
कबाडी,थर
कबारी,थर
कब्जियत,रोग
कमजन,थर
कमर,अंग
कमर,थर
कमर र तिध्रा बिचको भाग,अंग
कमरुस्चो,थर
कमल,ठाउँ
कमला,ठाउँ
कमलामाई,ठाउँ
कमानजन,थर
कमार,थर
कमालजनी,थर
कमिनी,गालि
कमिला,कीरा
कमिसन,गालि
कमिसन खोर,गालि
कमिसनखोर,गालि
कमेनिर,थर
कमेलिर,थर
कम्मर,थर
कम्युनिष्ट,राजनिती
कम्युनिस्ट,गालि
करङ,गालि
करङे,गालि
करजङ्गे,थर
करड़,अंग
करलार,थर
करवा,थर
करुवाल,थर
करैयामाई,ठाउँ
करोड झ्वाम,गालि
करौरिया,थर
कर्जन्हा,ठाउँ
कर्ड,अंग
कर्ण,थर
कर्नामी,थर
कर्मचारी,पेशा
कर्मपा,थर
कर्माचार्य,थर
कर्मी,थर
कर्सिङ,थर
कलबार,थर
कलर,थर
कलवार,थर
"कलाई, नाडी",अंग
कलाकार,पेशा
कलाल,थर
कली,थर
कलेजो,अंग
कलैया,ठाउँ
कल्याणपुर,ठाउँ
कल्याल,थर
कँवर,थर
कवाँ,थर
कवाङ,थर
कवाची,थर
कवाडी,गालि
कविलासी,ठाउँ
कश्यप,थर
कंसकार,थर
कसङछा,थर
कसजू,थर
कसरा,थर
कसलवट,थर
कसाई,पेशा
कसिधन्जू,थर
कसेर,थर
कस्ती,थर
कहर,थर
कहरिया,थर
कहली,थर
कहार,थर
कहीँ नभएको,गालि
काइके,ठाउँ
काइते,गालि
काइते पारा,गालि
काइस,थर
काई,थर
काउचा,थर
काउछा,थर
काउने,थर
काउली,वनस्पति
काउसे,गालि
काउसो,गालि
काकडा,थर
काक्चा,थर
काँक्रो,वनस्पति
काख,अंग
काखङ,थर
काग,चरा
कागती,वनस्पति
कागते,थर
कागलीवाला,थर
कागले कागकै नाम काढ्नु,गालि
काग्जे,थर
कांग्रेसी,गालि
काङमान्छा,थर
काङवाङ,थर
काङ्कणी,थर
काङ्गेल,थर
काङ्वा,थर
काजी,थर
काजुला,थर
काजू,थर
कांटा,भान्सा
काट्टो,गालि
काट्नु,गालि
काठमाडौँ,ठाउँ
काठा,गालि
काठी,गालि
काठेखोला,ठाउँ
काठो,गालि
काण्ड,कानून
कातिचा,थर
कात्राप,थर
कात्रो,गालि
काथेभोटे,थर
काँध,अंग
कान,अंग
कान,थर
कानसारिया,थर
कानु,थर
कानुन,कानून
कानू,थर
कानूनी,कानून
कानेपोखरी,ठाउँ
कानो,गालि
कानोडिया,थर
कान्चिप्रे,थर
कान्छोक्या,थर
कान्दु,थर
कापर,थर
कापा,थर
कापाड,थर
कापैर,थर
काप्री,थर
काफ्ले,थर
काबरा,थर
कामहर,थर
कामालेस्चो,थर
कामी,गालि
काम्बाङ,थर
कायर,गालि
कायस्थ,थर
कायोङ्बा,थर
कारक,थर
कारथोकी,थर
कारन्जित,थर
कारभोटे,थर
कारल,थर
कारेजा,थर
कार्की,थर
कार्तिके,गालि
कार्थक,थर
कार्यकर्ता,राजनिती
कालबुढा,थर
कालम,थर
कालमी,थर
कालले पनि कती बचाएको,गालि
काला,थर
कालाणी,थर
कालाथोकी,थर
कालापाह,थर
कालाबन्जार,ठाउँ
कालाल्हाय,थर
कालासारु,थर
कालासारू,थर
कालिका,ठाउँ
कालिकामाई,ठाउँ
कालिञ्चोक,ठाउँ
कालियान,थर
कालीकोट्या,थर
कालीगण्डकी,ठाउँ
कालीचन,थर
कालीमाटी,ठाउँ
कालो झण्डा,गालि
काल्देन,थर
कावर,थर
कासुला,थर
किंगफिशर,चरा
किङ्ग्रिङ,थर
किजू,थर
कितू,थर
किन्ताङहाङ,थर
किन्दन्छा,थर
किन्दाङ,थर
किन्दाङे,थर
किन्दाहाङ,थर
किरकेटा,थर
किरा,कीरा
किरादा,थर
किरिया,गालि
किर्केटा,थर
किलम्बू,थर
किला,थर
किलुङ,थर
किल्ला,थर
किवानाया,थर
किसान,पेशा
किसान,थर
किसी,थर
किस्पाङ,ठाउँ
कीरा,कीरा
कीर्तिपुर,ठाउँ
कुइँकेल,थर
कुँओसिङो,थर
कुक,पेशा
कुकबुक,भान्सा
कुकिङ,भान्सा
कुकुर,गालि
कुकुर,जनावर
कुकुर्नी,गालि
कुखुराको मासु,भान्सा
कुचीकार,थर
कुचेरिया,थर
कुच्छल,थर
कुच्याइ दिनु,गालि
कुछबिहारी,थर
कुजुलू,थर
कुट,थर
कुटवार,थर
कुटुक,थर
कुडा,थर
कुडाक,थर
कुण्ठित,गालि
कुतत्त्व,गालि
कुतुब,थर
कुन चाहिँ पागल,गालि
कुन्चुद्याङ्मू,थर
कुन्डलिया,थर
कुन्ताम,थर
कुपुत्र,गालि
कुपुत्री,गालि
कुबिती,थर
कुबिसी,थर
कुबुद्धि,गालि
कुबेती,थर
कुमाख,ठाउँ
कुमार,गालि
कुमारी,गालि
कुमार्की,थर
कुम्पाख,थर
कुम्बचा,थर
कुम्मायक,ठाउँ
कुम्ल्याउनु,गालि
कुम्हा,थर
कुम्हार,थर
कुम्ही,थर
कुयलर,थर
कुरा काट्नु,गालि
कुरान,धर्म
कुरी कुरी,गालि
कुरुङभङ,थर
कुरुङमी,थर
कुरुङवाङ,थर
कुरुन्जू,थर
कुरुम्फङ,थर
कुरूप,गालि
कुरूपता,गालि
कुरौटे,गालि
कुर्कुच्चा,अंग
कुर्मी,थर
कुलगलर,थर
कुलारो,थर
कुलालर,थर
कुलू,थर
कुँवर,थर
कुवारी,थर
कुविचार,गालि
कुविचारी,गालि
कुशबाडिया,थर
कुशवाहा,थर
कुष्ठरोग,गालि
कुष्ठरोग,रोग
कुष्ठरोगी,गालि
कुसबडिया,थर
कुसम्या,थर
कुसवाह,थर
कुसी,थर
कुसुन,थर
कुसे,ठाउँ
कुस्मा,थर
कुस्मा,ठाउँ
कुहिरो,मौसम
कुहिरो,भूगोल
कृपावाद,गालि
कृष्णनगर,ठाउँ
कृष्णभिर,ठाउँ
केआईसिंह,ठाउँ
केकाली,थर
केङ्री,थर
केचाकी,थर
केजरीवाल,थर
केजुन,थर
केडिया,थर
केतारा,थर
केदारस्युँ,ठाउँ
केदेम्बा,थर
केन्गे,थर
केपछाकी,थर
केपीलासगढी,ठाउँ
केप्चे,थर
केप्छाकी,थर
केमी,थर
केम्तुङ,थर
केम्पाच,थर
केरा,गालि
केरा,वनस्पति
केरा खानु,गालि
केराबारी,ठाउँ
केरुङ,थर
केवट,थर
केवारी,थर
केसरी,थर
केसाङ,थर
कैटी,थर
कैंटीन,भान्सा
कैनिर,थर
कैनी,थर
कैलारी,ठाउँ
कैलास,ठाउँ
कोइराला,थर
कोइरी,थर
कोके,थर
कोखङ,थर
कोङहाङ,थर
कोङ्‌ग्रेन,थर
कोचिला,थर
कोचे,थर
कोजू,थर
कोटहिमाई,ठाउँ
कोटान्जी,थर
कोठारी,थर
कोण,भान्सा
कोदालो,गालि
कोन्ज्योसोम,ठाउँ
कोन्डा,थर
कोन्सा,थर
कोपुङ,थर
कोब्रिजै,थर
कोमा,ब्रह्माण्ड
कोम्फे,थर
कोय,थर
कोयल,चरा
कोयोङ्गा,थर
कोरङ्गे,थर
कोरा,थर
कोरी,थर
कोर्मोचा,थर
कोलन्जोर,ठाउँ
कोला,थर
कोलिर,थर
कोल्हबी,ठाउँ
कोषाध्यक्ष,पेशा
कोसिन्हो,थर
कोसिया,थर
कोहलिर,थर
कोहाङ,थर
कोँहार,थर
कौ,थर
कौछा,थर
कौडी,गालि
कौडी,थर
कौडे,गालि
कौडेना,ठाउँ
कौवा,गालि
क्यान्सर,गालि
क्यान्सर,रोग
क्याप्चो,थर
क्याप्छा,थर
क्याप्छाकी,थर
क्याप्ज,थर
क्याम्पा,थर
क्याम्पाचो,थर
क्याम्पाछा,थर
क्याम्पाराई,थर
क्याल,थर
क्यावा,थर
क्यासुङ,थर
क्युतिचा,थर
क्युबी,थर
क्युरित्यास,थर
क्यू,थर
क्रान्तिकारी,गालि
क्राम्छैँ,थर
क्रिकेट,कीरा
क्रिश्चियन,धर्म
क्रुस,थर
क्रोगीँ,थर
क्रोमजाने,थर
क्रोम्जे,थर
क्रोम्जैँ,थर
क्रौपोँ,थर
क्ले,थर
क्वावाचा,थर
क्व्होलासोथार,ठाउँ
क्षण,समय
क्षत्री,गालि
क्षय,रोग
क्षुसेर्वा,थर
क्षेत्तुहाङ,थर
क्होके,थर
क्होताँ,थर
क्होला,थर
क्होली,थर
खँ,थर
खकार,गालि
खकुया,थर
खकुरेल,थर
खक्यू,थर
खगोल विज्ञान,ब्रह्माण्ड
खङतेवा,थर
खङरोङ,थर
खङ्चिकी,थर
खङ्वा,थर
खचा,थर
खच्चर,जनावर
खजुम,थर
खजुर,वनस्पति
खजुरा,ठाउँ
खटौड,थर
खडई,थर
खडक,ठाउँ
खडाङ,थर
खडाहिछा,थर
खडेरी,मौसम
खड्का,थर
खड्ग,थर
खड्गी,थर
खतिवडा,थर
खती,थर
खत्याड,ठाउँ
खत्वै,थर
खनाल,थर
खनियाँ,थर
खनियाँवास,ठाउँ
खनौटे,थर
खन्गा,थर
खन्जू,थर
खन्डेवाल,थर
खन्ना,थर
खपतरी,थर
खपरभुजा,थर
खपाङ्गी,थर
खपे,थर
खप्तडछान्ना,ठाउँ
खप्तडछेडेदह,ठाउँ
खप्तडी,थर
खबचू,थर
खबास,थर
खमोन,थर
खम्बाइजे,थर
खम्बुवाटेङसा,थर
खयरगोली,थर
खरदाहा,थर
खरबुजा,वनस्पति
खरल,थर
खरहर,थर
खरानी,गालि
खरानी धसेर,गालि
खरायो,जनावर
खरेल,थर
खरेसा,थर
खर्बिन,थर
खर्बुजा,थर
खर्बू,थर
खवास,थर
खाँ,थर
खाइटू,थर
खाइतू,थर
खाइसोङ,थर
खाक्ले,थर
खाक्वा,थर
खाखाङ,थर
खागी,थर
खाँड,थर
खाँडाचक्र,ठाउँ
खाँडादेवी,ठाउँ
खाडी,भूगोल
खाण,थर
खाताखो,थर
खाती,थर
खातुन,थर
खाते,गालि
खाते बाहुन,गालि
खातेनी,गालि
खाँदबारी,ठाउँ
खान,थर
खानपान,भान्सा
खाना पकाउने सम्बन्धि,भान्सा
खानीखोला,ठाउँ
खापुङ,थर
खाबुरा,थर
खाम,थर
खाम्तू,थर
खाम्तेन,थर
खाम्पुरुङ,थर
खाम्बा,थर
खाम्बाचे,थर
खाम्बालुङ,थर
खाम्बेयाङ,थर
खाम्याङ,थर
खाम्लुङ,थर
खाम्लुवा,थर
खाम्ले,थर
खायमली,थर
खाया,थर
खायाखाहोङ,थर
खायाखिम,थर
खारचुङे,थर
खाराइलचा,थर
खारापुङ्चो,थर
खारापुच्छा,थर
खाराफुङ्चो,थर
खाराबू,थर
खारायल्चेनेचा,थर
खारालङ,थर
खाराहिल्चा,थर
खारिमी,थर
खारी,थर
खारुतिस,थर
खारुबू,थर
खारुमिछा,थर
खार्ताम,थर
खार्पुनाथ,ठाउँ
खार्मिले,थर
खार्मी,थर
खार्लिम,थर
खाल,गालि
खाला,थर
खाली,थर
खालेम्सी,थर
खावा,थर
खावाडुक,थर
खावावा,थर
खावाहाङ,थर
खासू,थर
खाहोङ,थर
खाहोन,थर
खिइसोङ,थर
खिऊँ,थर
खिकाम्छा,थर
खिख्खुरा,थर
खिङ्वा,थर
खिचमान,थर
खिचाजू,थर
खिदिरी,थर
खिन्जू,थर
खिँबजाऊ,थर
खिमगार,थर
खिमदुन्छा,थर
खिम्दुङ,थर
खिम्बुछा,थर
खिम्बुले,थर
खिरिहाङ,थर
खिलिङ,थर
खिस्रली,थर
खी,थर
खुकुपाया,थर
खुकुमट्टू,थर
खुकुया,थर
खुकुरी,गालि
खुक्तिन्वा,थर
खुक्सङथुङ,थर
खुक्सुङ,थर
खुजली,रोग
खुट्टा,अंग
खुट्टा तान्नु,गालि
खुट्टाको औंला,अंग
खुट्टाको जोर्नी,अंग
खुँडा,गालि
खुँडो,गालि
खुत्तीनु,गालि
खुत्त्याउनु,गालि
खुदाङ,थर
खुदिङ,थर
खुन चुसनु,गालि
खुनाह,थर
खुनी,गालि
खुन्दुस,थर
खुन्यालुङ,थर
खुभाडिया,थर
खुमयान्खाचा,थर
खुम्बुवा,थर
खुराफाती,गालि
खुलाक,थर
खुलाल,थर
खुलौट,थर
खुल्क्याउनु,गालि
खुल्वट,थर
खुवान,थर
खुसी,थर
खुसू,थर
खुस्केट,गालि
खेइयुङ,थर
खेक्थोक्मा,थर
खेङयाङ्खा,थर
खेङयुङ,थर
खेछा,थर
खेतान,थर
खेदो खन्नु,गालि
खेनपुन्छा,थर
खेमका,थर
खेरेसुङ,थर
खेरेसुङछा,थर
खेवा,थर
खेवाङ,थर
खेसाङ,थर
खेस्ता,थर
खेस्ती,थर
खैरहनी,ठाउँ
खैरे,गालि
खैरो,कीरा
खोकी,गालि
खोकी,रोग
खोक्सिङ,थर
खोजू,थर
खोटाहा,थर
खोटेहाङ,ठाउँ
खोट्टा,थर
खोन,थर
खोन्दुङ,थर
खोप,रोग
खोपडी,अंग
खोप्रे,थर
खोम्युङ्खा,थर
खोयो,गालि
खोर,गालि
खोलापाछा,थर
खोलुमिछा,थर
खोले,गालि
खोसी,थर
खौसिया,थर
ख्याकेजू,थर
ख्याङ्गी,थर
ख्याजू,थर
ख्युङ्बा,थर
ख्युयाली,थर
ख्योङपतिचा,थर
ख्रीष्ट,धर्म
ख्वाजू,थर
ख्वालावाला,थर
गङ्गाजमुना,ठाउँ
गङ्दान,थर
गच्छेदार,थर
गजमेर,थर
गजम्बिर,थर
गजरामा,थर
गजलू,थर
गजाधर,गालि
गजुरी,ठाउँ
गजुरेल,थर
गजेल,थर
गट्टानी,थर
गडरा,थर
गडेरी,थर
गड्तौला,थर
गढवा,ठाउँ
गढी,ठाउँ
गढीमाई,ठाउँ
गणतन्त्र,राजनिती
गणेश,थर
गण्डकी,ठाउँ
गदाल,थर
गदाली,थर
गद्दार,गालि
गद्दारी,गालि
गद्रमा,थर
गधा,गालि
गधा,जनावर
गधा कुकुर,गालि
गधाले,गालि
गधेनी,गालि
गन्गाई,थर
गन्छामू,थर
गन्ध आउँछ,गालि
गन्धे,गालि
गन्यापधुरा,ठाउँ
गन्हाउने,गालि
गफ लाउँछ,गालि
गफाडी,गालि
गफै,गालि
गम,अंग
गमल,थर
गम्चमू,थर
गम्भीर,धर्म
गम्मी,थर
गरगमे,थर
गरन्च,थर
गरन्जा,थर
गरबरिया,थर
गरब्ज,थर
गरम,थर
गराई,थर
गरासम्बा,थर
गरिब मानसिकता,गालि
गरुडा,ठाउँ
गर्ग,थर
गर्जन,मौसम
गर्जा,थर
गर्जाङा,थर
गर्तौला,थर
गर्दुज,थर
गर्बुजा,थर
गर्भ,अंग
गर्मी,मौसम
गर्सियाता,थर
गलकोट,ठाउँ
गलल,गालि
गला,अंग
गलामी,थर
गल्छी,ठाउँ
गल्याङ,ठाउँ
गवार,गालि
गसी,थर
गहतराज,थर
गहते,थर
गहब,थर
गहसारू,थर
गहिदार,थर
गाइजू,थर
गाइने,थर
गाइसी,थर
गाई,जनावर
गाउट,रोग
गाक्तुलू,थर
गाक्याहाङ,थर
गाखिन,थर
गाघा,थर
गाचे,थर
गाछा,थर
गाजर,वनस्पति
गाजिब,थर
गाँठा,थर
गाडिया,थर
गाँडू,गालि
गाँडे,गालि
गानडर,चरा
गान्खू,थर
गान्द्र,थर
गाप्छा,थर
गामी,थर
गामुरे,थर
गामुवा,थर
गारस्थे,थर
गाराज,थर
गारुती,थर
गारू,थर
गार्ड,पेशा
गाला,अंग
गाला फुट्ने गरी,गालि
गाहा,थर
गिडेली,थर
गिदडा,थर
गिदली,थर
गिदेल,थर
गिद्ध,चरा
गिध्द,गालि
गियल,थर
गिरी,थर
गिले,थर
गिल्ला,गालि
गीता,धर्म
गु,गालि
गु खाने,गालि
गु गोबर,गालि
गु बिरालोको जस्तै लुकाउनु,गालि
गुइदेल,थर
गुजरा,ठाउँ
गुठी,थर
गुठीचौर,ठाउँ
गुदुहा,थर
गुना,थर
गुन्यु,गालि
गुप्ता,थर
गुमान्खाम,थर
गुम्छान,थर
गुरताल,थर
गुरागाईं,थर
गुराँस,ठाउँ
गुरुङ्छाने,थर
गुरुचन,थर
गुरुछाने,थर
गुरुतिस,थर
गुरुती,थर
गुरुत्वाकर्षण,ब्रह्माण्ड
गुरुवाचार्य,थर
गुर्छान,थर
गुर्बाचू,थर
गुर्भा,थर
गुर्भाकोट,ठाउँ
गुलरिया,ठाउँ
गुला,गालि
गुलाम,गालि
गुल्मीदरबार,ठाउँ
गुवा,थर
गुवाजू,थर
गुसराम,थर
गुसरू,थर
गुहार,थर
गुहे,गालि
गे,गालि
गेजल,थर
गेडा,गालि
गेन्जे,थर
गेन्दुलुङगे,थर
गेममी,थर
गेरुवा,ठाउँ
गेलाङ,थर
गेलाम,थर
गेलाल,थर
गेवाली,थर
गेहा,थर
गैंडा,जनावर
गैद,थर
गैदे,थर
गैब्दुल,थर
गैर-यहूदी,धर्म
गैरमसीही,धर्म
गैरे,थर
गैली,थर
गोइत,थर
गोकर्णेश्वर,ठाउँ
गोकुलगङ्गा,ठाउँ
गोँगजू,थर
गोगी,थर
गोङ्खू,थर
गोङ्‌रोज,थर
गोङ्वा,थर
गोङ्सो,थर
गोजा,थर
गोठाला,गालि
गोठालो,गालि
गोठालो बस्यो,गालि
गोठे,थर
गोडैटा,ठाउँ
गोतामे,थर
गोथर,थर
गोदार,थर
गोदावरी,ठाउँ
गोदोङ्गे,थर
गोधूलि,समय
गोन्टे,थर
गोप,थर
गोपर्मा,थर
गोपाली,थर
गोपी,पेशा
गोबर,गालि
गोबर ग्वाँच,गालि
गोबरगणेश,गालि
गोब्रे,गालि
गोभी,वनस्पति
गोमुल,थर
गोमोरी,थर
गोम्बावा,थर
गोयन्का,थर
गोयल,थर
गोर,थर
गोरखा,ठाउँ
गोरसते,थर
गोरा,थर
गोराचन,थर
गोराथोकी,थर
गोरामरू,थर
गोरामारू,थर
गोराल्हाय,थर
गोरिल्ला,जनावर
गोरु,गालि
गोरु घिचेर,गालि
गोरोए,थर
गोरोङ,थर
गोर्खाली,थर
गोलबजार,ठाउँ
गोलाग्लाम,थर
गोली,गालि
गोली ठोक्नु,गालि
गोली ठोक्नु पर्छ,गालि
गोली हान्नु,गालि
गोली हान्नु्,गालि
गोले,थर
गोल्छा,थर
गोल्डस्मिथ,पेशा
गोल्डस्मिथ,थर
गोल्यान,थर
गोसाई,थर
गोसाईँकुण्ड,ठाउँ
गोहितमान,थर
गोही,जनावर
गोहुङ्गे,थर
गौचन,थर
गौडेल,थर
गौतम,थर
गौद्ध,थर
गौमूल,ठाउँ
गौर,ठाउँ
गौरचा,थर
गौरादह,ठाउँ
गौरीगङ्गा,ठाउँ
गौरीगन्ज,ठाउँ
गौरीशङ्कर,ठाउँ
गौली,थर
गौशाला,ठाउँ
ग्याङ्मी,थर
ग्यान्ड्रिस,थर
ग्याभा,थर
ग्याम्बी,थर
ग्यालन,थर
ग्याल्दरचा,थर
ग्यावा,थर
ग्यावाक,थर
ग्येँमी,थर
ग्रह,ब्रह्माण्ड
ग्रहण,ब्रह्माण्ड
ग्रहिका,ब्रह्माण्ड
ग्राँजा,थर
ग्रामथान,ठाउँ
ग्राम्सी,थर
ग्लान,थर
ग्वँग,थर
ग्वँछ,थर
ग्वाँच,गालि
ग्वाँछा,थर
ग्वादोरा,थर
ग्वाँमरू,थर
घटिया,गालि
घटिया सोच,गालि
घडेरी,थर
घड्कन,अंग
घण्टा,गालि
घण्टा,समय
घतान,थर
घमाल,थर
घरपझोङ,ठाउँ
घरब्जा,थर
घर्छाक,थर
घर्ती,थर
घर्तीफोबे,थर
घले,थर
घवा,थर
घागा,थर
घाट,गालि
घाँटी,अंग
घाँडो,गालि
घाती,गालि
घामछतल,थर
घारा,थर
घार्मी,थर
घाँस,गालि
घाँसी,थर
घि,थर
घिचेर,गालि
घिडी,थर
घिन लाग्दो,गालि
घिमिरे,थर
घिम्रू,थर
घियल,थर
घिराइया,थर
घिरिङ,ठाउँ
घिरुलछा,थर
घिसिङ,थर
घुगेख्यू,थर
घुँडा,गालि
घुंडा,अंग
घुड्का,थर
घुमन,थर
घुसखोरी,गालि
घुसिया,गालि
घृणा,गालि
घेरा,कानून
घेलक,थर
घोँ,थर
घोक्राएर,गालि
घोचुहरु,गालि
घोडा,जनावर
घोडाघोडी,ठाउँ
घोडीवाला,थर
घोतानी,थर
घोताने,थर
घोन्डे,थर
घोँमसू,थर
घोमी,थर
घोरा,थर
घोरासैनी,थर
घोराही,ठाउँ
घोला,थर
घोषणापत्र,राजनिती
घ्याङलेख,ठाउँ
घ्यात्किपाल,थर
घ्याप्चन,थर
घ्याल्दुङ,थर
घ्योमसू,थर
घ्लान,थर
घ्वावाङ,थर
ङपा,थर
ङप्ता,थर
ङमे,थर
ङवायू,थर
ङाइगा,थर
ङाके,थर
ङाचाङमेरुङरिप्पा,थर
ङाडोमा,थर
ङापाच,थर
ङायनमेरुङ,थर
ङार्चेचा,थर
ङार्देन,थर
ङार्बा,थर
ङावचा,थर
ङिङ्मा,थर
ङेमो,थर
ङेम्बा,थर
ङेसुर,थर
ङोचोँ,थर
ङ्याङ्जो,थर
ङ्यापित,थर
ङ्वम्बा,थर
चइदुम्से,थर
चक्कु,गालि
चक्रघट्टा,ठाउँ
चक्रधर,थर
चक्रवर्ती,थर
चक्रवात,मौसम
चक्रवात,भूगोल
चँगुठी,थर
चङ्खेली,ठाउँ
चटक,गालि
चटके,गालि
चटौत,थर
चट्टोपाध्याय,थर
चट्याङ्,मौसम
चण्डाल,गालि
चतुर्वेदी,थर
चन,थर
चना,वनस्पति
चनानी,थर
चन्द,थर
चन्दननाथ,ठाउँ
चन्दाछा,थर
चन्देव,थर
चन्द्यो,थर
चन्द्र,मौसम
चन्द्र,ब्रह्माण्ड
चन्द्र,भूगोल
चन्द्रकोट,ठाउँ
चन्द्रनगर,ठाउँ
चन्द्रपुर,ठाउँ
चन्द्रागिरि,ठाउँ
चन्पो,थर
चपरासी,पेशा
चमडिया,थर
चम्चा,भान्सा
चम्चे,गालि
चम्याल,थर
चम्लागाईँ,थर
चरिन्माछा,थर
चरिम्बले,थर
चर्च,धर्म
चलाउने,थर
चल्ल,थर
चल्ला,गालि
चल्ले,थर
चवन्न,अङ्क
चवाल,थर
चवालिस,अङ्क
चस्कुले,थर
चाइमाईं,थर
चाईं,थर
चाक,गालि
चाक,अंग
चाकडी,गालि
चाकुबजी,थर
चाक्तू,थर
चाँगुनारायण,ठाउँ
चाचन,थर
चाचान,थर
चाची,सम्बन्ध
चाट्नु,गालि
चाँडे,थर
चाण्डक,थर
चाँद,थर
चापाकोट,ठाउँ
चापागाई,थर
चापेतेम्ल,थर
चाप्कोट,थर
चाप्चाबुसुरू,थर
चाप्चाहाङ,थर
चाप्तिरी,थर
चाबेन्नावा,थर
चामलिङ,थर
चामी,थर
चामुङ,थर
चामे,ठाउँ
चाम्चा,थर
चाम्लिङ,थर
चार,अङ्क
चारकोले,थर
चारानीका मूर्गा बार्हआनीका मसला,गालि
चारिङगे,थर
चारिङमे,थर
चार्लुङछा,थर
चालक,पेशा
चालिसे,थर
चालोक्पा,थर
चासी,थर
चाहर,थर
चिउँडो,अंग
चिकबन्जा,थर
चिँकबन्जार,थर
चिकुम,गालि
चिक्दै,गालि
चिक्न,गालि
चिक्नु,गालि
चिक्ने,गालि
चिङगाड,ठाउँ
चिचिला,ठाउँ
चिट चोरेर पास गरेको जस्तो छ,गालि
चिडिमार,थर
चिडी,थर
चिण्डै पार्ने,गालि
चितलाङ्गिया,थर
चिताई,थर
चितुवा,जनावर
चितौडे,थर
चितौर,थर
चितौरिया,थर
चितौरे,थर
चित्रकार,थर
चित्लाङ्गिया,थर
चिदी,थर
चिनिपा,थर
चिन्डालिया,थर
चिन्डे,थर
चिन्तान,थर
चिन्तारा,थर
चिन्नेलाई श्रीखण्ड नचिन्नेलाई खुर्पाको विंड,गालि
चिपुङ,थर
चिंपैंजी,जनावर
चिप्लेकिरो,जनावर
चिबुवाली,थर
चिमी,थर
चिमोरिया,थर
चियोचर्चा,कानून
चिरा,थर
चिर्टुङ,ठाउँ
चिल,चरा
चिलाङ्दी,ठाउँ
चिलिक्चम,थर
चिसो,मौसम
"चिसो, रुघा",रोग
चिहान,गालि
चुके,थर
चुक्वा,थर
चुँगी,थर
चुजाङ,थर
चुँडाल,थर
चुडिवाला,थर
चुडेल,गालि
चुडेल्नी,गालि
चुत,गालि
चुतडाका,गालि
चुतिनी,गालि
चुतिया,गालि
चुतियागिरी,गालि
चुत्थो,गालि
चुदाखा,थर
चुनार,थर
चुनाव,राजनिती
चुनिहार,थर
चुनी,थर
चुन्डा,थर
चुन्नु,राजनिती
चुपलाग,गालि
चुमनुम्ब्री,ठाउँ
चुम्कुचा,थर
चुरीफुरी,गालि
चुरेगाउँ,ठाउँ
चुलेँसी,गालि
चुलो,भान्सा
चुवासी,थर
चुस्नु,गालि
चुहान,थर
चेचक,रोग
चेतुम,थर
चेन्चिपा,थर
चेमजोङ,थर
चेम्चिमी,थर
चेला,गालि
चेला,धर्म
चेल्बा,थर
चेवाङ,थर
चैछवा,थर
चैतन्या,थर
चैनपुर,ठाउँ
चैनवाला,थर
चैबर,थर
चोएगा,ठाउँ
चोक्ढाक,थर
चोखाङ,थर
चोखानी,थर
चोङवाङ,थर
चोङ्कोम्चे,थर
"चोट, दुखाउनु",रोग
चोन्छे,थर
चोपालिवा,थर
चोप्याङ,थर
चोबा,थर
चोम्रू,थर
चोयल,थर
चोर,गालि
चोर,पेशा
चोर माथी चण्डाल,गालि
चोरचाकी,थर
चोरडाका,गालि
चोरी,कानून
चोर्नी,गालि
चोले,थर
चोलेख्वा,थर
चोलो,गालि
चोस्कच्यो,थर
चोस्क्युचो,थर
चोहा,थर
चौकुने,ठाउँ
चौगुठी,थर
चौतरिया,थर
चौतिस,अङ्क
चौँतिस,अङ्क
चौध,अङ्क
चौधरी,थर
चौपाल,थर
चौबिस,अङ्क
चौबिसे,ठाउँ
चौबे,थर
चौरजहारी,ठाउँ
चौरडिया,थर
चौरसिया,थर
चौरानब्बे,अङ्क
चौरास,थर
चौरासी,अङ्क
चौरीदेउराली,ठाउँ
चौरेल,थर
चौलागाईं,थर
चौसट्ठी,अङ्क
चौहत्तर,अङ्क
चौहान,थर
च्यामाखल,थर
च्यामे,थर
च्यावा,थर
च्यावे,थर
च्युजाङ,थर
च्युम्ही,थर
च्हाक्ली,थर
छक्का,गालि
छगेली,थर
छङ्गेली,थर
छचुचू,थर
छच्चू,थर
छत्तिस,अङ्क
छत्रकोट,ठाउँ
छत्रेश्वरी,ठाउँ
छथरजोरपाटी,ठाउँ
छन्तेल,थर
छन्त्याल,थर
छबिसपाथीभेरा,ठाउँ
छल्दी,ठाउँ
छसोकोसा,थर
छहरी,थर
छहारी,थर
छाउरा,गालि
छाउरी,गालि
छाउरो,गालि
छाङ्छा,थर
छाछेड,थर
छाडा,गालि
छाती,अंग
छाद,गालि
छाप्तोकी,थर
छाप्दुलू,थर
छाम्निती,थर
छाम्निबुस,थर
छाम्निहो,थर
छाम्लुङ,थर
छायानाथ,ठाउँ
छारराहा,थर
छारहाङ,थर
छारा,थर
छाराछा,थर
छार्काताङसोङ,ठाउँ
छाला,अंग
छाला वा स्नायु सम्बन्धि रोग,रोग
छास्मिहदी,थर
छिआवा,थर
छिगेवा,थर
छिछाङछा,थर
छित्लिङ,थर
छिनाल,थर
छिन्नमस्ता,ठाउँ
छिन्वयाल,थर
छिपहरमाई,ठाउँ
छिपा,थर
छिपानान्छा,थर
छिबिप्मा,थर
छिमन्ते,थर
छिरेश्वरनाथ,ठाउँ
छिर्लिङ्गे,थर
छिलाल,थर
छिलिङ,थर
छिलिङमे,थर
छिलुङ,थर
छिलेल,थर
छिवात्पाङ,थर
छिवानाल्याङ,थर
छिवित्पाङ,थर
छिस्तल,थर
छिस्तुल,थर
छी,गालि
छी छी,गालि
छुकुवा,थर
छुक्वा,थर
छुङमेन,थर
छुपा,थर
छुबुत्ती,थर
छुरा,गालि
छुला,थर
छुलुङ,थर
छुवाला,थर
छुस्याकी,थर
छेइमाहा,थर
छेउला,गालि
छेडागाड,ठाउँ
छेतापी,थर
छेत्पी,थर
छेदिन्सी,थर
छेन्दिबुस,थर
छेन्हा,थर
छेन्हो,थर
छेपानाम,थर
छेपारो,गालि
छेप्तेपा,थर
छेर,गालि
छेल्ये,थर
छोङदेन,थर
छोङलेन,थर
छोङ्खा,थर
छोनवार,थर
छोप्पाहाङ,थर
छोमपतिचा,थर
छोरा,सम्बन्ध
छोरी,सम्बन्ध
छोसोकोसा,थर
छौंडा,गालि
छ्या छ्या,गालि
छ्याङ्मा,थर
छ्याँजू,थर
छ्यामा,थर
छ्यालोस,थर
छ्युनी,थर
छ्युमी,थर
छ्युलेमी,थर
छ्योइखोरछाङ,थर
छ्योटा,थर
छ्वार्जू,थर
जखङ,थर
जगडी,थर
जगदुल्ला,ठाउँ
जगन्नाथ,ठाउँ
जगरनाथपुर,ठाउँ
जगर्ना,थर
जग्गा दलाल,गालि
जङ्गम,थर
जङ्गल,भूगोल
जङ्गली,गालि
जता जता बाहुन बाजे उतै उतै स्वाहा,गालि
जनकनन्दिनी,ठाउँ
जनकपुर,ठाउँ
जनाला,थर
जनावर,गालि
जनावर,जनावर
जनै,गालि
जन्तु,गालि
जन्तेढुङ्गा,ठाउँ
जन्मदिन,समय
जबेगू,थर
जमरकट्टेल,थर
जमाडी,ठाउँ
जमाना कहाँदेखि कहाँसम्म पुगिसक्यो अहिलेपनि,गालि
जम्नु,मौसम
जम्मड,थर
जम्लागाईं,थर
जम्लाली,थर
जयख्व,थर
जयना,थर
जयपृथ्वी,ठाउँ
जयलुङ,थर
जरल,थर
जरायो,जनावर
जराली,थर
जरिवाना,कानून
जर्गा,थर
जर्घा,थर
जर्बुटे,थर
जर्रा,थर
जलगैडा,जनावर
जलजला,ठाउँ
जलवायु,मौसम
जलाउनु,गालि
जलेगू,थर
जलेश्वर,ठाउँ
जहदा,ठाउँ
जाकिबन्जा,थर
जागोन्ले,थर
जांघ,अंग
जाजू,थर
जाजोडिया,थर
जाजोदिया,थर
जाठ,थर
जाँठा,गालि
जाँठी,गालि
जाँठो,गालि
जाडो,मौसम
जानकी,ठाउँ
जानी,थर
जान्चा,थर
जान्ने पल्टेको,गालि
जाब्रा,थर
जामली,थर
जारुङ्गे,थर
जालान,थर
जालिम,थर
जाली,गालि
जाली,थर
जितपुरसिमरा,ठाउँ
जितापति,थर
जिताराजा,थर
जितिमाल,थर
जिन्दल,थर
जिन्दी,थर
जिन्दे,थर
जिब्रो,अंग
जिमलू,थर
जिमी,थर
जिम्बा,थर
जिम्बुवाल,थर
जियन्दी,थर
जियाली,थर
जिराङ,थर
जिराफ,जनावर
जिराभवानी,ठाउँ
जिरी,ठाउँ
जिरेल,थर
जिहाद,धर्म
जीउ,अंग
जीउ बटार्ने क्रिया,रोग
जीउँदै जलाउनु,गालि
जीउँदो मूर्दा,गालि
जीव,कीरा
जुगल,ठाउँ
जुगाजू,थर
जुगी,थर
जुङ्गा,अंग
जुताको माला,गालि
जुन गोरु आएपनि कानो,गालि
जुनीचाँदे,ठाउँ
जुपुले,थर
जुबुले,थर
जुबुस,थर
जुभुङ,ठाउँ
जुम्रा,गालि
जुम्रा मारेको,गालि
जुम्रो,गालि
जुराज,थर
जुरिबू,थर
जुवाल,थर
जुश्रेष्ठ,थर
जुहारचन,थर
जूरीको फैसला,कानून
जे आयो त्यही,गालि
जे खायो त्यही,गालि
जे पायो त्यही,गालि
जेजिचा,थर
जेजुङ्वा,थर
जेतान्ला,थर
जेतिचा,थर
जेबार,थर
जेब्रा,जनावर
जेरुङ,थर
जेल,कानून
जेसपुचा,थर
जैतन,थर
जैथाने,थर
जैन,थर
जैमिनी,ठाउँ
जैरुङ,थर
जैरुप,थर
जैरू,थर
जैलुङ,थर
जैसवार,थर
जैसवाल,थर
जैसानी,थर
जैसार,थर
जैसी,गालि
जैसी,थर
जो चोर उसको ठूलो स्वर,गालि
जोइसी,थर
जोगदुम्बा,थर
जोङनाक्पा,थर
जोतिचा,थर
जोधानी,थर
जोन्छे,थर
जोन्ती,थर
जोरायल,ठाउँ
जोलाहा,थर
जोशी,थर
जोशीपुर,ठाउँ
ज्ञवाली,थर
ज्यख्व,थर
ज्याख,थर
ज्यातिच,थर
ज्यातिचा,थर
ज्यानमारा,गालि
ज्यापु,थर
ज्यावन,थर
ज्युबुस,थर
ज्योतिचा,थर
ज्वरो,रोग
ज्वाई,सम्बन्ध
ज्वालामुखी,भूगोल
ज्वालामुखी,ठाउँ
झन्डे,गालि
झरकटुवा,थर
झरना,भूगोल
झरी,मौसम
झँवर,थर
झवा,थर
झा,थर
झाँक्री,थर
झाग,थर
झाडापखाला,रोग
झापड,गालि
झापा,ठाउँ
झापाली,गालि
झारपात,गालि
झारे,गालि
झार्नु,गालि
झावर,थर
झिँगा,गालि
झिङराजा,थर
झिमल,थर
झियारी,थर
झिसिनफोबे,थर
झुट,गालि
झुनझुनवाला,थर
झुसिलिकीरा,कीरा
झुसे,गालि
झेडी,थर
झेनरी,थर
झोक्राहा,ठाउँ
झोरिया,थर
झोला,गालि
झोले,गालि
झ्याक्ने,गालि
झ्यारी,थर
झ्यावा,थर
झ्वाम,गालि
टङ्गी,थर
टट्टू,जनावर
टण्डन,थर
टन्टा खलास,गालि
टन्टा साफ,गालि
टन्डन,थर
टन्सिल सुन्निनु,रोग
टपरे,गालि
टमटा,थर
टमलामी,थर
टाइँवाला,थर
टाउको,गालि
टाउको,अंग
टाउको दुखाइ,रोग
टाक्का,थर
टाङलुवा,थर
टाङसुङ,थर
टाङ्गे,थर
टाठाबाठा,गालि
टादिम्छा,थर
टापू,भूगोल
टामलामी,थर
टामे,थर
टाम्तेलू,थर
टिकासोलोङ,थर
टिक्टी,थर
टिट्वेवाल,थर
टिपरेवाला,थर
टिलो,गालि
टिवडेवाला,थर
टिवाहाङ,थर
टीका,रोग
टीकापुर,ठाउँ
टुइटुई,थर
टुइला,थर
टुकबन्जा,थर
टुडू,थर
टुन,थर
टुपा,थर
टुप्पी,गालि
टुप्पो,गालि
टुलुटुलु,गालि
टुवा,थर
टुसीबाग,थर
टेकडीवाल,थर
टेकाल,थर
टेन्चिप्पा,थर
टेन्डी,थर
टेप्लोहाङ,थर
टेमासी,थर
टेम्कुप,थर
टेम्केमैयुम,ठाउँ
टेम्रा,थर
टेल्टिया,थर
टेवा,थर
टोखा,ठाउँ
टोड्के,थर
टोड्को,गालि
टोपल्ने,गालि
टोपी,गालि
टोपो,थर
टोलुपे,थर
ट्युमर,गालि
ट्युसिन,थर
ट्युसी,थर
ट्यूमर,रोग
ट्वाके,गालि
ठग,गालि
ठङग्राच,थर
ठटरा,थर
ठटाल,थर
ठडाली,थर
ठन्कनु,गालि
ठमेल,गालि
ठहरै,गालि
ठाकुर,थर
ठाकुरबाबा,ठाउँ
ठाक्तोक्पा,थर
ठाक्थोक,थर
ठाट,थर
ठाँटीकाँध,ठाउँ
ठाडा,थर
ठाँडो,गालि
ठानी,थर
ठाने,थर
ठिकमानी,थर
ठिङगेक,थर
ठिथ्या,थर
ठिनतान,थर
ठिस,गालि
ठुङ्ग्रेपा,थर
ठुङ्बा,थर
ठुलीभेरी,ठाउँ
ठेङ्देङपा,थर
ठोकर,थर
ठोक्सा,थर
ठोङरेङ्पा,थर
ठोङ्सो,थर
ठोमा,थर
ठोर,थर
ठोरी,ठाउँ
ठ्याकिडौड,थर
डकार,गालि
डगाल,थर
डगौरा,थर
डङगरिया,थर
डङ्गोल,थर
डडालियर,थर
डडाली,थर
डडुवा,ठाउँ
डण्डीफोर,रोग
डबलिछा,थर
डम्रेवा,थर
डम्सा,थर
डरछेरुवा,गालि
डलरबादी,गालि
डलरभोगी,गालि
डलरे,गालि
डले,थर
डाका,गालि
डाक्टर,पेशा
डाक्नेश्वरी,ठाउँ
डागा,थर
डाँगी,थर
डाङा,थर
डान्सी,थर
डाम्ना,गालि
डाम्नी,गालि
डाला,थर
डावा,थर
डावाछा,थर
डिगाम,ठाउँ
डिग्री,मौसम
डिङटिचो,थर
डिनर,भान्सा
डिंब,अंग
डिमडुङ,थर
डिलासइनी,ठाउँ
डिसा,थर
डुकुलण्ठक,गालि
डुक्रिएर,गालि
डुगू,थर
डुङ्गेश्वर,ठाउँ
डुडू,थर
डुँडो,गालि
डुड्या,थर
डुदाली,थर
डुनडुन,थर
डुमजन,थर
डुमरू,थर
डुम्रे,थर
डुरुन्च्या,थर
डेँगा,थर
डेङमोरङ,थर
डेमोस,थर
डेल्टा,भूगोल
डोकानिया,थर
डोटेल,थर
डोट्याल,थर
डोपोचा,थर
डोफुम,थर
डोम,थर
डोराली,थर
डोल्पा,थर
डोल्पोबुद्ध,ठाउँ
ड्याङ कि ड्याङ,गालि
ढकाल,गालि
ढकाल,थर
ढक्कन,गालि
ढढारिया,थर
ढराच,थर
ढवा,थर
ढाका,थर
ढाड,अंग
ढाडी,थर
ढिकोङ,थर
ढिगुरे,थर
ढिङ्ग्र,थर
ढिछाङछा,थर
ढिनी,थर
ढिसुम्बुक,थर
ढुकुचू,थर
ढुकुछू,थर
ढुकुटी,गालि
ढुकुर,चरा
ढुकुवा,थर
ढुङ्गाना,थर
ढुङ्गेल,थर
ढुछू,थर
ढेगा,थर
ढेङ्गा,थर
ढेडु,गालि
ढोँ,थर
ढोकेवाल,थर
ढोगा,थर
ढोड,थर
ढोमा,थर
ढोर,थर
ढोरपाटन,ठाउँ
ढोलबाजा,थर
ढोली,थर
ढ्यागो,थर
ढ्यामर,थर
ढ्वान्जू,थर
त,गालि
तँ,गालि
तँ गुरुङ्,गालि
तँ मगर,गालि
तकाले,थर
तको,थर
तक्नेल्मू,थर
तक्न्याल्मू,थर
तक्रे,थर
तगूँ,थर
तङ्न,थर
तङ्लामी,थर
तचामा,थर
तज,थर
तजले,थर
तजाली,थर
तण्डुलकार,थर
ततैया,कीरा
तत्काल,समय
तत्मा,थर
तत्वा,थर
तथब्जा,थर
तथानाम,गालि
तन्की,थर
तन्गी,थर
तन्ज्याली,थर
तन्डुकार,थर
"तपस्वी, योगी",धर्म
तप्रे,थर
तमखू,थर
तमानखोला,ठाउँ
तमू,थर
तमेँ,थर
तमोट,थर
तम्जू,थर
तम्बार,थर
तया,थर
तरबुन,थर
तरवार,गालि
तरामु,थर
तरूनी,गालि
तर्कुच,थर
तर्सुच,थर
तलकोट,ठाउँ
तँलाई न टुक्राई,गालि
तलुवा चाटेर बसेका,गालि
तल्लो स्तर,गालि
तल्लोम,थर
तवाछे,थर
तवायाना,थर
तवालुङ,थर
तवाहाङ,थर
तस्करी,गालि
ताईँ न तुईँ,गालि
ताखन,थर
ताखेप,थर
ताङलुक्वा,थर
ताङ्छावान,थर
ताङ्साङ्मू,थर
ताछाला,थर
ताजपुरिया,थर
ताजाकोट,ठाउँ
तातेड,थर
तातेल,थर
तातो,मौसम
तातो न छारो,गालि
तातोपानी,ठाउँ
तादी,ठाउँ
तानसेन,ठाउँ
तानाशाह,राजनिती
तानाशाही,गालि
तान्तारा,थर
तापडिया,थर
तापमान,मौसम
तापाल,थर
ताप्पिली,थर
ताब,थर
तामरानी,थर
तामाकोसी,ठाउँ
तामाङछा,थर
तामाछाङ,थर
तामिपली,थर
तामी,थर
तामेसी,थर
ताम्तार,थर
ताम्निहा,थर
ताम्ला,थर
ताम्लाला,थर
ताम्ली,थर
ताम्लोङ,थर
तायल,थर
तारकेश्वर,ठाउँ
तारा,ब्रह्माण्ड
तारा,भूगोल
ताराखुवा,थर
ताराखोला,ठाउँ
तारिहाङ,थर
तारुङ,थर
तारेढोको,थर
ताल,भूगोल
तालाजी,थर
तालिया,थर
तालुखुइले,रोग
ताल्चा,थर
तावा,थर
तिउसी,थर
तिक्लिहाडा,थर
तिगेला,थर
तिङ्करी,थर
तिजू,थर
तिडिया,थर
तितुङ,थर
तित्री,थर
तित्वा,थर
तिनबुङ,थर
तिपानिधोङ,थर
तिम,थर
तिमल्सिना,थर
तिमेल्सिना,थर
तिम्द,थर
तिम्रो बाउ,गालि
तिम्सिना,थर
तिम्सिहो,थर
तिरहुत,ठाउँ
तिरा,थर
तिरासक,थर
तिरिया,थर
तिरुकिया,थर
तिरुबार,थर
तिरुवा,थर
तिर्के,थर
तिर्खे,थर
तिर्गे,थर
तिर्ताल,थर
तिल,जनावर
तिल,थर
तिलक्यानी,थर
तिला,ठाउँ
तिलागुफा,ठाउँ
तिलिङ,थर
तिलिज,थर
तिलुङ,थर
तिलेगा,थर
तिल्पाचो,थर
तिवारी,थर
तिस,अङ्क
तीघ्रे,गालि
तीनपाटन,ठाउँ
तीर्थ,थर
तुइख्वा,थर
तुइतुई,थर
तुङखङ,थर
तुङघङ,थर
तुचा,थर
तुच्छ,गालि
तुन्तुरी,गालि
तुप्तुबू,थर
तुप्रहाङ,थर
तुप्रिहाङ,थर
तुफान,मौसम
तुमम्याङ,थर
तुमा,थर
तुमिहाङ,थर
तुम्खेवा,थर
तुम्छाबोइतपाङ,थर
तुम्बा,थर
तुम्बापे,थर
तुम्बापो,थर
तुम्बाहाङ,थर
तुम्बाहाङ्फे,थर
तुम्बाहाम्फे,थर
तुम्बिहाङ,थर
तुम्बे,थर
तुम्बेब,थर
तुम्बेरिङछा,थर
तुम्बेहा,ठाउँ
तुम्याङ,थर
तुम्याङहाङ,थर
तुम्रोक,थर
तुम्सा,थर
तुरा,थर
तुराचू,थर
तुरिहोच्चा,थर
तुर्की,थर
तुलसी,वनस्पति
तुलसीपुर,ठाउँ
तुलाचन,थर
तुलिमी,थर
तुल्सीपुर,ठाउँ
तुल्स्यान,थर
तुसारो,मौसम
तुसिबाखो,थर
तूफान,मौसम
तूफान,भूगोल
तेइङ,थर
तेइस,अङ्क
तेकाला,थर
तेगी,थर
तेघिरिया,थर
तेघ्रे,थर
तेत्तिस,अङ्क
तेन्चिपा,थर
तेन्चिया,थर
तेन्थुन्खा,थर
तेन्निमी,थर
तेफोड,थर
तेमाल,थर
तेमाल,ठाउँ
तेम्बे,थर
तेम्मोरा,थर
तेम्रा,थर
तेम्लोस,थर
तेम्सुङ्गे,थर
तेम्सू,थर
तेरा बाउ,गालि
तेराे बाजे,गालि
तेरी,गालि
तेरी माकीचूत,गालि
तेरीमा चोर,गालि
तेरीमा झ्याक्ने,गालि
तेरीमा टोक्ने,गालि
तेरीमा साला,गालि
तेरो,गालि
तेरो,थर
तेरो आँखामा रतन्धो तेरो कान बहिरो र तेरो दिमागमा गोबर भरिएको छ,गालि
तेरो टाउको,गालि
तेरो टोड्को,गालि
तेरो बाउ,गालि
तेरो बाउको टाउको,गालि
तेरो हजुरबाउ,गालि
तेरो हर्कत,गालि
तेरोहा,थर
तेर्केलिङवा,थर
तेर्केलिङ्वा,थर
तेलिम,थर
तेलिया,थर
तेली,थर
तेलैजा,थर
तेलैम्चा,थर
तेसे,थर
तेसेरो,थर
तेह्र,अङ्क
तेह्रहंछा,थर
तैँले,गालि
तोइट,गालि
तोगाछान्छा,थर
तोङकुच,थर
तोङदोच्यो,थर
तोङमालुङ,थर
तोङल्छा,थर
तोङेछा,थर
तोङेर्बू,थर
तोङोचा,थर
तोङ्छेन्धुङ्कार,थर
तोडी,थर
तोदी,थर
तोदुवा,थर
तोदुस,थर
तोनिच,थर
तोपिले,थर
तोप्थास,थर
तोप्रेहोङ,थर
तोम,थर
तोमर,थर
तोमिहाङ,थर
तोमे,थर
तोमोछा,थर
तोम्मो,थर
तोरङ्छाकी,थर
तोरम्खुस,थर
तोराक्चे,थर
तोरावा,थर
तोरिहुङ,थर
तोरी,गालि
तोरुङ,थर
तोरोम्चाकी,थर
तोर्ङो,थर
तोर्छाकी,थर
तोर्दै,थर
तोर्पीनी,गालि
तोर्पे,गालि
तोर्मे,गालि
तोल,थर
तोला,थर
तोलाचा,थर
तोलिन्दी,थर
तोलिन्धी,थर
तोलोचा,थर
तोषनीवाल,थर
तोसोरा,थर
तौजल्य,थर
त्यस्का बाजे,गालि
त्यात,थर
त्रिचालिस,अङ्क
त्रिताल,थर
त्रिपन्न,अङ्क
त्रिपाठी,थर
त्रिपुरासुन्दरी,ठाउँ
त्रियानब्बे,अङ्क
त्रियासी,अङ्क
त्रिवेणी,ठाउँ
त्रिसट्ठी,अङ्क
त्रिहत्तर,अङ्क
त्रोछाकी,थर
त्वाजू,थर
त्वाती,थर
त्वाना,थर
त्वानावासू,थर
त्वायना,थर
त्वायनावास,थर
त्वायनावासू,थर
त्वार्बे,थर
त्हार,थर
त्हिदू,थर
थकाली,थर
थक्र,थर
थगनामी,थर
थङगम्बा,थर
थनैत,थर
थन्याली,थर
थपलिया,थर
थरबर,थर
थरामु,थर
थरामू,थर
थर्मोमिटर,मौसम
थलङ,थर
थलारा,ठाउँ
थली,थर
थवा,थर
थवाङ,ठाउँ
थाइम,थर
थाक,थर
थाकथोक,थर
थाक्टू,थर
थाक्थो,थर
थाक्रे,ठाउँ
थाक्सुङ,थर
थाङ्ने,गालि
थाङ्बाल,थर
थाडा,थर
थाडाली,थर
थादा,थर
थादाली,थर
थानिबा,थर
थानी,थर
थाने,थर
थापा,थर
थाप्की,थर
थामदेन,थर
थामसुहाङ,थर
थामी,थर
थामू,थर
थारा,थर
थासाङ,ठाउँ
थाहँछा,थर
थाहा,ठाउँ
थाहिङ,थर
थिके,थर
थिकेपा,थर
थिङ,थर
थिङ्गा,थर
थिङ्रा,थर
थिमथिमे,थर
थिमराङ,थर
थिमी,थर
थिम्चै,थर
थिम्रा,थर
थिरबगी,थर
थिलुङ,थर
थु थु,गालि
थुइक्क,गालि
थुइक्क बुद्धि,गालि
थुईक्क,गालि
थुक,गालि
थुक्क,गालि
थुक्क स्याल,गालि
थुङगुचा,थर
थुतुनो,गालि
थुन,गालि
थुनचोली,गालि
थुन्दुचा,थर
थुपो,थर
थुम्बुच,थर
थुम्राहोङ,थर
थुराल,थर
थुर्बिदा,थर
थुलासा,थर
थुलुक्पा,थर
थुलुङ,थर
थुवा,थर
थुसिराङ्ग्या,थर
थेगिम,थर
थेप्चीनी,गालि
थेप्चे,गालि
थेब,थर
थेमजान,थर
थेरे,थर
थेवे,थर
थैन,थर
थोकचाकी,थर
थोकर,थर
थोङरेपा,थर
थोती,गालि
थोती हाँसेको,गालि
थोनामा,थर
थोप,थर
थोप्छा,थर
थोबो,थर
थोमरेस,थर
थोमरोस,थर
थोम्नाम,थर
थोम्फारा,थर
थोराली,थर
थोरेप्पा,थर
थोरोक्चा,थर
थोर्गा,ठाउँ
थोलोच,थर
थ्यागी,थर
दकास,थर
दक्षिणकाली,ठाउँ
दगाए,थर
दगामी,थर
दगौरा,थर
दङबडिया,थर
दङ्गाल,थर
दङ्गाले,थर
दङ्गे,थर
दङ्गौरा,थर
दजिच,थर
दत्त,थर
दथुन्छे,थर
दथेपुथे,थर
ददेल,थर
दनक,गालि
दनाल,थर
दनुवार,थर
दनूवार,गालि
दनोल,थर
दन्त चिकित्सक,पेशा
दबाव,मौसम
दबुङ,ठाउँ
दब्देहा,थर
दमक,ठाउँ
दमाईं,गालि
दमिनी,गालि
दम्राङ,थर
दयाल,थर
दरक,थर
दरकाख,थर
दराज,भान्सा
दरिद्र,गालि
दरिद्र विचार,गालि
दरो,गालि
दर्जी,पेशा
दर्नाल,थर
दर्बुजा,थर
दर्माली,थर
दर्लामी,थर
दर्शनधारी,थर
दलाज,थर
दलाल,गालि
दलाल,पेशा
दलाल धोती,गालि
दलाल होस्,गालि
दली,थर
दवङ,थर
दवाङ,थर
दवाडी,थर
दवाली,थर
दश,अङ्क
दशक,समय
दसा,थर
दसुच,थर
दहित,थर
दहैत,थर
दाइ,सम्बन्ध
दाईजो,गालि
दाउरी,गालि
दाजु,सम्बन्ध
दाँत,अंग
दादा,गालि
दादा-दादी,सम्बन्ध
दादागिरी,गालि
दानव,गालि
दाम्दिवा,थर
दाम्दिहोङ्छा,थर
दाम्बिहा,थर
दाम्रेवा,थर
दाम्हुङ,थर
दायमा,थर
दायाङकुम,थर
दारुका,थर
दार्कुमे,थर
दार्मा,ठाउँ
दाला,थर
दालोमे,ठाउँ
दावा,थर
दावाछा,थर
दावामाली,थर
दास,गालि
दास,थर
"दास, नोकर",पेशा
दासी,गालि
दाहाल,थर
दाह्री,गालि
दाह्री,अंग
दिउँसो,समय
दिकतिचो,थर
दिकुली,थर
दिखङ,थर
दिखुलिछा,थर
दिखुलिप,थर
दिखुली,थर
दिखुवाङ,थर
दिगच,थर
दिगाम,ठाउँ
दिङ,थर
दिङतिचो,थर
दिङपिचा,थर
दिचाम,थर
दितुमा,थर
दिदिया,थर
दिन,समय
दिनहोङ,थर
दिनिच,थर
दिने,थर
दिपायलसिलगढी,ठाउँ
दिप्लुङ,थर
दिप्साली,थर
दिबान,थर
दिबुङ,थर
दिबुचा,थर
दिबुची,थर
दिबुछा,थर
दिबुतिप,थर
दिबुपा,थर
दिबुमिछा,थर
दिबुरचा,थर
दिबुरिप,थर
दिबुर्चा,थर
दिबेत,थर
दिबोक,थर
दिब्रुङ,ठाउँ
दिमाग खराब,गालि
दिमाग त खुस्केन,गालि
दिमाग नभएको,गालि
दिमागमा गु भरिएका,गालि
दिमागले काम गर्दैन जस्तो छ,गालि
दिमागी सन्तुलन,गालि
दिमाम,थर
दिमुप्पा,थर
दिम्चुहाङ्खिम,थर
दिम्मचू,थर
दिम्माछू,थर
दियामा,थर
दिराखिम,थर
दिरित्तिस,थर
दिलङछा,थर
दिलालुङ,थर
दिलुक्पा,थर
दिलुलिछा,थर
दिवायाङ,थर
दिवाहाङ,थर
दिवुङरा,थर
दिस,थर
दिस्ती,थर
दीक्षित,थर
दुइ हप्ता,समय
दुई पैसाको बुद्धि,गालि
दुकुछू,थर
दुक्खावा,थर
दुक्खिसुङ,थर
दुक्चाकी,थर
"दुखाइ, पीडा",रोग
दुखारा,थर
दुखुख्वा,थर
दुखुन,थर
दुखेको,रोग
दुगड,थर
दुगू,थर
दुङमचा,थर
दुङमाङ,थर
दुङमाचा,थर
दुङमाली,थर
दुङमालुङ,थर
दुङमेन,थर
दुङराङ,थर
दुङ्के,थर
दुङ्खा,थर
दुत,थर
दुतम,थर
दुतेल,थर
दुदाली,थर
दुदेल,थर
दुध,गालि
दुधपोखरी,ठाउँ
दुधवार,थर
दुधौली,ठाउँ
दुनचुन,थर
दुन्ते,थर
दुन्देहाङ,थर
दुप्चेश्वर,ठाउँ
दुफ्लोचा,थर
दुब्देहाङ,थर
दुमरू,थर
दुमार्की,थर
दुमी,थर
दुमुछा,थर
दुम्के,थर
दुम्माली,थर
दुम्सिपेरे,थर
दुराल,थर
दुरुचाल,थर
दुरुच्यान,थर
दुरेल,थर
दुरैली,थर
दुर्गन्ध,गालि
दुर्गाथली,ठाउँ
दुर्गाभगवती,ठाउँ
दुर्बिच,थर
दुर्राल,थर
दुर्रालामी,थर
दुर्व्यवहार,गालि
दुलहा,सम्बन्ध
दुलही,सम्बन्ध
दुलाल,थर
दुल्लु,ठाउँ
दुवा,थर
दुवाल,थर
दुवाहाङ,थर
दुवे,थर
दुवेदी,थर
दुसारी,थर
दुसुना,थर
दुस्मिसावा,थर
दुस्सा,थर
दुह,थर
दुहबी,ठाउँ
दुहु,ठाउँ
दूधको मुन्टा,अंग
दूषित,गालि
दूष्ट,गालि
दृश्य,कानून
देउकाडी,थर
देउती,थर
देउपाला,थर
देउपाली,थर
देउबन्जार,थर
देउबल,थर
देउराम,थर
देउला,थर
देउवा,थर
देउसा,थर
देक्छेङ,थर
देखा जाएगा,गालि
देन्च्योमू,थर
देप्पा,थर
देबजू,थर
देबपाते,थर
देबलिङगे,थर
देबलिङ्गा,थर
देबान,थर
देम,थर
देमन,थर
देमाखू,थर
देम्बाच,थर
देम्रेहाङ,थर
देलुलुङ,थर
देव,थर
देवकोटा,थर
देवघाट,ठाउँ
देवडा,थर
देवताल,ठाउँ
देवर,सम्बन्ध
देवा,थर
देवादेङ,थर
देवानगन्ज,ठाउँ
देवाहीगोनाही,ठाउँ
देश द्रोही,गालि
देश लुटेरा,गालि
देसार,थर
देसाहाङ,थर
देसेमरू,थर
दैउमा,थर
दैनिक,समय
दैवज्ञ,थर
दोगडाकेदार,ठाउँ
दोगला,गालि
दोङ,थर
दोङखुम्चू,थर
दोङछुङ,थर
दोङबुहों,थर
दोङराइत,थर
दोङ्गे,थर
दोङ्ग्या,थर
दोङ्वा,थर
दोपोचेङ,थर
दोफोम,थर
दोमर,थर
दोम्दिही,थर
दोम्पेङ,थर
दोम्बाहाङ,थर
दोरम्बा,ठाउँ
दोर्दी,ठाउँ
दोर्धे,थर
दोसम,थर
दोसिम,थर
दोस्रो,समय
दौघा,ठाउँ
द्रोही,गालि
द्वाङ्खिम्चो,थर
द्वारपाल,पेशा
द्वारे,थर
द्वार्‍याङ्चा,थर
द्विवेदी,थर
द्वीप,भूगोल
धक,थर
धजे,थर
धज्जी उडाउनु,गालि
धदाली,थर
धनकर,थर
धनकौल,ठाउँ
धनगढी,ठाउँ
धनगढीमाई,ठाउँ
धनपालथान,ठाउँ
धनावत,थर
धनुके,थर
धनुषटंकार,रोग
धनौजी,ठाउँ
धन्छा,थर
धन्याल,थर
धमनी,अंग
धमला,थर
धमिरा,गालि
धमिरा,कीरा
धमौला,थर
धम्याल,थर
धरकटुवा,थर
धरती,भूगोल
धरान,ठाउँ
धराना,थर
धरिकर,थर
धरिवाल,थर
धर्मदेवी,ठाउँ
धर्मनिरपेक्षता,धर्म
धर्मभगिनी,धर्म
धर्मशास्त्र,धर्म
धवल,थर
धवलागिरि,ठाउँ
धाख्वा,थर
धाद्रिली,थर
धानिक,थर
धानुक,थर
धानुका,थर
धानोठिवाला,थर
धान्द्रे,थर
धामी,थर
धारण,थर
धारिवाल,थर
धारेवा,थर
धार्चे,ठाउँ
धार्मिक,धर्म
धार्ले,थर
धिक्कार छ,गालि
धिङ्गाल,थर
धिङ्ग्री,थर
धिँजे,थर
धिताल,थर
धिबिनी,ठाउँ
धिमा,थर
धिरिती,थर
धिरुल,थर
धिरुहाङ,थर
धिलुङटान,थर
धिलुङटू,थर
धिलौङो,थर
धिवाताङ,थर
धिहाङ,थर
धुख्ख,थर
धुँख्वा,थर
धुत,थर
धुनिया,थर
धुनीबेँसी,ठाउँ
धुन्धुकारि,गालि
धुरिया,थर
धुरी,थर
धुर्कोट,ठाउँ
धुलिखेल,ठाउँ
धुलिया,थर
धुसारा,थर
धूँ,थर
धूत,थर
धेके,थर
धैताने,थर
धोती,गालि
धोतीको गु,गालि
धोतीको छाउरो,गालि
धोतीनी,गालि
धोबी,थर
धौँ,थर
धौगडा,थर
धौजन्य,थर
धौजल्य,थर
धौताब्या,थर
धौबजी,थर
धौबन्जार,थर
धौभडेल,थर
धौलहवा,थर
धौलाङ्गी,थर
ध्याको,थर
ध्वजू,थर
ध्वँजू,थर
नकचरो,गालि
नकर्मी,थर
नक्षत्र,ब्रह्माण्ड
नखोक,गालि
नगरकोटी,थर
नगराइन,ठाउँ
नगरी,थर
नगर्ची,थर
नगवान,थर
नङ्ग,अंग
नङ्ग्याएर,गालि
नट,थर
नटुवा,थर
नथाने,थर
नथोङहाङ,थर
नदी,भूगोल
नपुंसक,गालि
नप्चुमी,थर
नब्बे,अङ्क
नमच्चिने पिङको झड्का,गालि
नमच्चिने पिङको सय झड्का,गालि
नमुना,गालि
नमोबुद्ध,ठाउँ
नम्च्योमू,थर
नम्पित्व,थर
नम्सुर्गा,ठाउँ
नयजू,थर
नरक,धर्म
नरधुङ,थर
नरबू,थर
नरहरिनाथ,ठाउँ
नरहा,ठाउँ
नरिवल,वनस्पति
नरेटी,अंग
नरैनापुर,ठाउँ
नर्तक,पेशा
नर्स,पेशा
नलगाड,ठाउँ
नवदुर्गा,ठाउँ
नवराजपुर,ठाउँ
नवलपुरिया,थर
नस,अंग
नाइके,गालि
नाइके,थर
नाइटो,अंग
नाईटी,गालि
नाक,अंग
नाकको प्वाल,अंग
नाका,थर
नाकुनकू,थर
नाक्घोचाचोछा,थर
नाक्छाङ,थर
नाक्छुङ,थर
नाक्छोङ,थर
नाक्सा,थर
नाक्सोचाचो,थर
नाखो,थर
नागरिकता,राजनिती
नागल,थर
नागवंशी,थर
नागा,थर
नागाज,थर
नागार्जुन,ठाउँ
नागेसिया,थर
नाङ्खा,थर
नाङ्गेझार,गालि
नाचिरी,थर
नाच्न नजान्ने आँगन टेडो,गालि
नाछ्यपा,थर
नाजायज,गालि
नातावाद,गालि
नाति,सम्बन्ध
नातिनी,सम्बन्ध
नाथानी,थर
नाथेक्वा,थर
नान्पालुङ,थर
नापाछा,थर
नाप्च्यू,थर
नाप्छोप्वा,थर
नामजाली,थर
नामदुङ,थर
नामर्द,गालि
नामलाङ,थर
नामलुन्छा,थर
नामाङ,थर
नाम्खा,थर
नाम्खा,ठाउँ
नाम्चुमू,थर
नाम्छोर,थर
नाम्दाच्यो,थर
नाम्दुङ,थर
नाम्दुहाङ,थर
नाम्नू,थर
नाम्पिको,थर
नाम्पिली,थर
नाम्पेपू,थर
नाम्बुहाङ,थर
नाम्बेरचा,थर
नाम्बेहुङ,थर
नाम्बो,थर
नाम्बोङ,थर
नाम्मेक,थर
नाम्मो,थर
नाम्रुङ,थर
नाम्रेङबुक,थर
नाम्रेचा,थर
नायक,थर
नायभा,थर
नायभारी,थर
नाया,थर
नारथुङ,थर
नारफू,ठाउँ
नारायण,ठाउँ
नारितिवा,थर
नारीवाद,राजनिती
नार्दो,थर
नाल,गालि
नालायक,गालि
नावा,थर
नावाङ,थर
नासपाती,वनस्पति
नासोङ,ठाउँ
नास्तिक,धर्म
नास्मी,थर
नाहटा,थर
नाहाटा,थर
निआर,थर
निकम्मा,गालि
निगमिखा,थर
निगल,थर
निङ्मा,थर
निङ्लेकू,थर
निङ्लेखू,थर
निच,गालि
निच भावना,गालि
निचो,गालि
निछिती,थर
निजगढ,ठाउँ
नितिबू,थर
निदुन,थर
निधार,अंग
निनादेङ,थर
निनाम्बुङ,थर
निनाम्बोछा,थर
निनोङ,थर
निन्दा,धर्म
निपुङ्चू,थर
निभियाल,थर
निमरास,थर
निमाहोसेर,थर
निमोनिया,रोग
निम्छुलुङ,थर
निम्न कोटिको,गालि
निम्पुरबुरा,थर
निम्मार,थर
निरन,थर
निरा,थर
निराहो,थर
निरीक्षक,पेशा
निर्देशक,पेशा
निर्वाचन,राजनिती
निषाद,थर
निसाल,थर
निसीखोला,ठाउँ
निसुतू,थर
निसेर,थर
निहाङ,थर
नीति,धर्म
नीलकण्ठ,ठाउँ
नुथौचा,थर
नुन खाएको कुखुरा,गालि
नुनिया,थर
नुप्पा,थर
नुप्रो,थर
नुब्री,थर
नुराङ,थर
नुवाम,थर
नेइचेई,थर
नेउपाने,थर
नेगी,थर
नेचाली,थर
नेचासल्यान,ठाउँ
नेता,राजनिती
नेपर,गालि
नेपर्नु,गालि
नेपाल,थर
नेपालगन्ज,ठाउँ
नेपाली,थर
नेप्ट,थर
नेप्टी,गालि
नेप्टे,गालि
नेमकुल,थर
नेम्बा,थर
नेम्बाङ,थर
नेवला,जनावर
नेवार,गालि
नेवार्नी,गालि
नेवाली,थर
नेवाहाङ,थर
नेस्याङी,ठाउँ
नैका,थर
नैतिकतावादी,धर्म
नोकर,गालि
नोकरसाही,गालि
नोप्लिच,थर
नोब्र्या,थर
नोम्चुमू,थर
नोम्लिच,थर
नौ,अङ्क
नौकुण्ड,ठाउँ
नौक्षेत्र,थर
नौगाड,ठाउँ
नौटङ्की,गालि
नौमुले,ठाउँ
नौलखा,थर
नौसेना,कानून
न्याइच्याई,थर
न्याकी,थर
न्याछ्या,थर
न्यानो,मौसम
न्याय गर्नु,कानून
न्यायाधीश,कानून
न्यार्बा,थर
न्यौपाने,थर
न्हामरू,थर
न्हिनेङ्यमस,थर
न्हिसुतू,थर
न्हुच्छे,थर
न्हेप,थर
न्हेपमरू,थर
न्हेमाफुकी,थर
पक्राउ गर्नु,कानून
पक्षपाती,धर्म
पक्षाघात,रोग
पखेनी,गालि
पगतामी,थर
पगली,गालि
पङकिरी,थर
पङ्गु,गालि
पचपन्न,अङ्क
पचभैया,थर
पचमी,थर
पचराई,थर
पचरौता,ठाउँ
पचहत्तर,अङ्क
पचालझरना,ठाउँ
पचास,अङ्क
पचासी,अङ्क
पचू,थर
पचैन,थर
पच्चिस,अङ्क
पच्या,थर
पछलदङ्गिया,थर
पछाडि,अंग
पछोया,थर
पजङ्गी,थर
पजहा,थर
पञ्चकन्या,ठाउँ
पञ्चपुरी,ठाउँ
पञ्चविंशति,अङ्क
पञ्चशत,अङ्क
पञ्चषष्ठी,अङ्क
पञ्चेश्वर,ठाउँ
पटबुला,थर
पटमूर्ख,गालि
पटरासी,ठाउँ
पटवारी,थर
पटेल,थर
पठान,थर
पण्डित,थर
पतङ्वा,थर
पति,सम्बन्ध
पतित,गालि
पत्थरकटर,थर
पत्थरकट्टा,थर
पत्नी,सम्बन्ध
पत्रकार,गालि
पत्रु,गालि
पंथ,धर्म
पथर्या,थर
पथिक,थर
पँधेराछा,थर
पनामी,थर
पनेती,थर
पनेरु,थर
पनेरू,थर
पनौती,ठाउँ
पन्चानब्बे,अङ्क
पन्जान्सी,थर
पन्जियार,थर
पन्त,थर
पन्थ,थर
पन्थी,थर
पन्धाक,थर
पन्ध्र,अङ्क
पन्नाचन,थर
पन्सारी,थर
परताणी,थर
"परमेश्वर, भगवान, इश्वर",धर्म
परमेश्वरको भय राख्ने,धर्म
परवानीपुर,ठाउँ
परशुराम,ठाउँ
पराजुली,थर
परार्ध,अङ्क
परिमाण,ब्रह्माण्ड
परियथ,थर
परियार,थर
परिवर्तन,ठाउँ
परिवार,सम्बन्ध
परिहस्त,थर
परिहार,थर
परेल,थर
परेवा,चरा
परोक्छाकी,थर
पर्गाली,थर
पर्त,थर
पर्यावरण,भूगोल
पर्वत,भूगोल
पर्वत,थर
पर्सा,ठाउँ
पर्सागढी,ठाउँ
पर्स्यली,थर
पलाता,ठाउँ
पलान्चोके,थर
पल्यान,थर
पल्लाय,थर
पल्ली,थर
पवित्र,धर्म
पशु,गालि
पशुशावक,जनावर
पसखल,थर
पसले,पेशा
पहरी,थर
पहाड,भूगोल
पहाडी,थर
पहाडे,गालि
पहान,थर
पहारे,थर
पहिजू,थर
पहेराई,थर
पहोरा,ठाउँ
पाइजा,थर
पाइतोस,थर
पाई,थर
पाखण्ड,गालि
पाखण्डी,गालि
पाखादेरा,थर
पाखुरा,अंग
पाखुरा सुर्किनु,गालि
पाखे,गालि
पाखेनी,गालि
पाख्रिन,थर
पाख्रीबास,ठाउँ
पागमी,थर
पागल,गालि
पागल साला,गालि
पागलखाना,गालि
पाङकर्मा,थर
पाङकोट,थर
पाङगुडुङ,थर
पाङदोर्जे,थर
पाङमाली,थर
पाङमी,थर
पाङलम,थर
पाङलुङ,थर
पाङवेन,थर
पाङसुङ,थर
पाङ्कर्मा,थर
पाँच,अङ्क
पाँचखपन,ठाउँ
पाँचखाल,ठाउँ
पाचे,थर
पाजी,गालि
पाटन,ठाउँ
पाटा,थर
पाटोदिया,थर
पाठक,थर
पाठेघर,गालि
पाठो,जनावर
पाडुले,थर
पाँडे,थर
पाण्डे,थर
पाण्डेय,थर
पात,गालि
पातकी,गालि
पातिहाङ,थर
पातेसुङ,थर
पात्रवंश,थर
पाथया,थर
पाद,गालि
पादरी,धर्म
पादुम्या,थर
पान,भान्सा
पानी पादे,गालि
पानेटी,थर
पान्दला,थर
पान्मालिछा,थर
पाप,गालि
पाप,धर्म
पापी,गालि
पापो,थर
पाप्रो,गालि
पाप्वासेप्पा,थर
पामा,थर
पामी,थर
पामोङ्खा,थर
पायक,थर
पायाती,थर
पारख,थर
पारघरी,थर
पारचेङे,थर
पारपाचुके,गालि
पाराक्सुङ,थर
पारिक,थर
पारे,थर
पार्पालुक,थर
पाल,थर
पालाखम,थर
पालिखे,थर
पालिखेल,थर
पालिम,थर
पालिया,थर
पालिले,थर
पालुकासी,थर
पालुङ,थर
पालुङटार,ठाउँ
पालुङ्गे,थर
पालुङ्गो,वनस्पति
पालुङ्वा,थर
पालुन,थर
पाले,पेशा
पाल्तु कुकुर,गालि
पाल्दोर्जे,थर
पाल्ली,थर
पावाली,थर
पासरी,थर
पासवान,थर
पासा,थर
पासी,थर
पाहारे,थर
पाहुङ,थर
पाहुना,सम्बन्ध
पिछानाम्छा,थर
पिठाकोटे,थर
पित्रिङ,थर
पित्रुङ,थर
पिदिसई,थर
पिनास,रोग
पिनासा,थर
पिनुन्छा,थर
पिन्चा,थर
पिन्लुहाङ,थर
पिपरा,ठाउँ
पिपासु,गालि
पिबसा,थर
पिमी,थर
पिया,थर
पियाचा,थर
पिलमाङ,थर
पिलुमङेछा,थर
पिल्मो,थर
पिल्ला,जनावर
पिसाच,गालि
पीप,रोग
पीप भरिएको घाउ,रोग
पुगलिया,थर
पुगी,थर
पुँगी,थर
पुगोमू,थर
पुङ,थर
पुङदुङ,थर
पुङबोइत,थर
पुङलिङ,थर
पुङ्गोमू,थर
पुङ्वाली,थर
पुचै,थर
पुच्छर,गालि
पुच्छ्रेतारा,ब्रह्माण्ड
पुच्छ्रेतारा,भूगोल
पुजारा,थर
पुजारी,थर
पुट्ठो,गालि
पुडासैनी,थर
पुतली,कीरा
पुतलीबजार,ठाउँ
पुताल,थर
पुती,गालि
पुतुवार,थर
पुथ्याङ्मू,थर
पुन,थर
पुन१.,थर
पुनथोकी,थर
पुनवार,थर
पुन्जुस,थर
पुन्लुहाङ,थर
पुपाङगू,थर
पुपुन्थुङ,थर
पुरछाने,थर
पुराङ,थर
पुरिन्मी,थर
पुरी,थर
पुरुवाछा,थर
पुरोहित,धर्म
पुरोहोछा,थर
पुर्चौडी,ठाउँ
पुर्जा,थर
पुर्बछाने,थर
पुलामी,थर
पुलिवार,थर
पुलिसा,थर
पुलुमा,थर
पुवा,थर
पुँवार,थर
पुवारी,थर
पुसाल,थर
पुस्तक बाइन्डर,पेशा
पुँही,थर
पूंजीपति,राजनिती
पूर्वानुमान,मौसम
पूर्वाह्न,समय
पूर्वीचौकी,ठाउँ
पृथ्वी,भूगोल
पेँगा,ठाउँ
पेगे,थर
पेगेल,थर
पेछिरिङ,थर
पेट,अंग
पेट दुख्नु,रोग
पेटानी,थर
पेटीकोट,गालि
पेनाग्पा,थर
पेन्जोङ,थर
पेन्टी,गालि
पेन्तगा,थर
पेयाङ,थर
पेला,थर
पैकरा,थर
पैँगो,थर
पैँजू,थर
पैजो,थर
पैठान,थर
पैँतालिस,अङ्क
पैयुँ,ठाउँ
पैरा,थर
पैँसट्ठी,अङ्क
पैसा न सैसा टिकी ट्यास ट्यास,गालि
पोइङ,थर
पोइङ्गे,थर
पोइसुङमाछा,थर
पोके,थर
पोकेपसोछा,थर
पोकेम्सुङ,थर
पोखरा,ठाउँ
पोखरिया,ठाउँ
पोखरी,भूगोल
पोखरेल,थर
पोखोती,थर
पोख्रेल,थर
पोख्रो,थर
पोङकिरी,थर
पोङता,थर
पोजो,थर
पोजोङगे,थर
पोटाम्हाँ,थर
पोटे,थर
पोड,थर
पोत्री,थर
पोत्लाङे,थर
पोथि कुकुर,जनावर
पोथी बासेको,गालि
पोथी भेडा,जनावर
पोद्दार,थर
पोम,थर
पोमू,थर
पोरोच्यो,थर
पोर्तेल,थर
पोलाप्पा,थर
पोले,थर
पोशाक,पेशा
पोसरी,थर
पोसोम्मू,थर
पोस्थरे,थर
पोस्दी,ठाउँ
पोस्रो,थर
पोहरी,थर
पोहिङ,थर
पोहोरी,थर
पौँठाक,थर
पौडिया,थर
पौड्याल,थर
पौवादुङ्मा,ठाउँ
प्याकुरेल,थर
प्याग्ङ्वा,थर
प्याङ्गू,थर
प्याजू,थर
प्याठ,थर
प्यासी,थर
प्युठान,ठाउँ
प्युथानी,थर
प्रकाश,मौसम
प्रजा,थर
प्रजापति,थर
प्रजू,थर
प्रतिक्रियावादी,गालि
प्रतिहस्त,थर
प्रथेटेङसा,थर
प्रधान,थर
प्रधानमन्त्री,राजनिती
प्रधानाङ्ग,थर
प्रबार,थर
प्रभु,गालि
प्रमुख,पेशा
प्रशासन,राजनिती
प्रसाईं,थर
प्रसौनी,ठाउँ
प्राथ,थर
प्रार्थना,धर्म
प्रेतिचा,थर
प्रेनगेल,थर
प्रोकचाकी,थर
प्रोँगी,थर
प्रोङमोचा,थर
प्रोन्जोस,थर
प्लो,थर
प्हेब्रो,थर
फक,गालि
फकिम्मा,थर
फकिर,थर
फक्किमे,थर
फक्ताङ्लुङ,ठाउँ
फगामी,थर
फच्चा,थर
फटाहा,गालि
फट्याड़ग्रो,कीरा
फतिचा,थर
फत्र,थर
फनेत,थर
फनेल,थर
फन्नहवा,थर
फरेनहाइट,मौसम
फर्सी,वनस्पति
फल,वनस्पति
फलामको चिउरा,गालि
फलेवास,ठाउँ
फलेस,थर
फाक्लम,थर
फाक्लेछा,थर
फाक्सुङ,थर
फागामी,थर
फागो,थर
फाङदुवाली,थर
फाङफू,थर
फाङ्दुवाली,थर
फाँचो,गालि
फाँजू,थर
फान्चू,थर
फाल,थर
फाली,थर
फालेलुङ,ठाउँ
फाल्गुनन्द,ठाउँ
फासिस्ट,गालि
फाँसी दिनु,गालि
फिक्कल,ठाउँ
फिक्किमछा,थर
फिदिम,ठाउँ
फिन्याली,थर
फिब्रो,थर
फिमेली,थर
फियाक,थर
फिरियल,थर
फिरौती,गालि
फिवाली,थर
फिस्टुला,रोग
फुका,थर
फुकान,थर
फुँगाली,थर
फुङदुमे,थर
फुङ्जा,थर
फुच्चे,गालि
फुडके,थर
फुदुङ,थर
फुदुङमे,थर
फुदोङ,थर
फुन्जाली,थर
फुम्लाचो,थर
फुयाँल,थर
फुरुम्बो,थर
फुर्केली,थर
फुर्बाछा,थर
फुलाउने,थर
फुलेली,थर
फुसी,गालि
फूल बेच्ने व्यक्ति,पेशा
फूलवाला,पेशा
फेङ्दा,थर
फेङ्दी,थर
फेटा,ठाउँ
फेद न टुप्पाको,गालि
फेदाङ,थर
फेदाप,ठाउँ
फेदाफङ,थर
फेदीखोला,ठाउँ
फेदुङवा,थर
फेन्दवा,थर
फेबाली,थर
फेम्बो,थर
फेयाक,थर
फेयाङ,थर
फेवाली,थर
फै,थर
फैजू,थर
फैलू,थर
फोक्खिम,थर
फोक्सिङ,ठाउँ
फोक्सो,अंग
फोड्नु,गालि
फोतिम्बू,थर
फोनिबुस,थर
फोनिबू,थर
फोम्बो,थर
फोरोसोङ,थर
फोल्मा,थर
फोहोरी,गालि
फौजा,थर
फौदार,थर
फ्युवाली,थर
फ्रिज,भान्सा
बइक्सुमा,थर
बइन्थ,थर
बइमा,थर
बइलुङ,थर
बकबक,गालि
बकबल,थर
बकमरू,थर
बकम्फुस,गालि
बकम्फुसे,गालि
बकवास,गालि
बकाबल,थर
बकुन्जू,थर
बकुन्जे,थर
बके,थर
बकैया,ठाउँ
बखती,थर
बखाद्या,थर
बखिम,थर
बखू,थर
बग,कीरा
बगरिया,थर
बगलिस्चो,थर
बगलेस्चो,थर
बगाले,थर
बङलाइती,थर
बङसिटला,थर
बङ्का,थर
बङ्ग,थर
बङ्गडिया,थर
बङ्गलाचुली,ठाउँ
बङ्गाल,भूगोल
बङ्गुर,गालि
बङ्धाक,थर
बचली,थर
बच्चा,जनावर
बच्चा,सम्बन्ध
बच्छार,थर
बछाली,थर
बछेडो,जनावर
बजगाईं,थर
बजाज,थर
बजिको,थर
बजिक्पा,थर
बजिमय,थर
बजिया,गालि
बज्राचार्य,थर
बटला,थर
बटाला,थर
बड,थर
बड़गारो,अंग
बडगैया,थर
बडाल,थर
बडिकार,थर
बडिया,थर
बडीकेदार,ठाउँ
बडीगाड,ठाउँ
बडीमालिका,ठाउँ
बडु,थर
बढई,थर
बढघरे,थर
बढैयाताल,ठाउँ
बढ्ता बोल्नु,गालि
बतासे,गालि
बत्तिस,अङ्क
बथवाल,थर
बथानी,थर
बदनाम,गालि
बदमास,गालि
बदाम,वनस्पति
बदिल,थर
बदेन्ता,थर
बँदेल,जनावर
बनमारा,थर
बनरकी,थर
बनरैत,थर
बनेपा,ठाउँ
बनेपाली,थर
बनेम,थर
बन्जारा,थर
बन्जाली,थर
बन्ज्याली,थर
बन्त,थर
बन्तर,थर
बन्दने,थर
बन्दीपुर,ठाउँ
बन्दुक,गालि
बबई,ठाउँ
बबली,थर
बबेरवाल,थर
बभन्या,थर
बम,थर
बमचा,थर
बमचाकी,थर
बमजन,थर
बम्ना,थर
बयसट्ठी,अङ्क
बयातोस,थर
बयानब्बे,अङ्क
बयानी,थर
बयाल,थर
बयालिस,अङ्क
बयासी,अङ्क
बर,थर
बरक्सुमा,थर
बरडिया,थर
बरफ,मौसम
बरफ,भूगोल
बरफमू,थर
बरहथवा,ठाउँ
बरही,थर
बराइली,थर
बराङ्गी,थर
बराङ्दी,ठाउँ
बराल,थर
बरालुङ्छा,थर
बराहक्षेत्र,ठाउँ
बराहताल,ठाउँ
बराहपोखरी,ठाउँ
बरिया,थर
बरियारपट्टी,ठाउँ
बरुवाल,थर
बरेङ,ठाउँ
बरेजू,थर
बर्कचारी,थर
बँर्ख,थर
बर्जु,ठाउँ
बर्डा,थर
बर्तन,भान्सा
बर्तौला,थर
बर्द,थर
बर्दगाहा,थर
बर्दगोरिया,ठाउँ
बर्दीबास,ठाउँ
बर्देवा,थर
बर्फोङ,थर
बर्मदास,थर
बर्मा,गालि
बर्मा,थर
बर्मेली,थर
बल,थर
बलङ्पाकी,थर
बलदुआ,थर
बलपूर्वक प्रवेश गर्नु,कानून
बलरा,ठाउँ
बलवा,ठाउँ
बलहा,थर
बलात्कार,गालि
बलात्कारी,गालि
बलानबिहुल,ठाउँ
बलामी,थर
बलायर,थर
बलिक्पा,थर
बलेफी,ठाउँ
बल्थिम,थर
बल्ल,थर
बवासीर,रोग
बंशल,थर
बसबरिया,ठाउँ
बसरा,थर
बसावटिया,थर
बसी,थर
बसेल,थर
बसौला,थर
बस्की,थर
बस्क्याल,थर
बस्नेत,थर
बस्न्यात,थर
बस्याल,थर
बहत्तर,अङ्क
बहिनी,सम्बन्ध
बहिरो,गालि
बहुदरमाई,ठाउँ
बहुला,गालि
बाइजू,थर
बाइफाले,गालि
बाइबल,धर्म
बाइस,अङ्क
बाउ,गालि
बाउको बिहे,गालि
बाउन्न,अङ्क
बाकरेवाल,थर
बाकुमारी,थर
बाकुहाङ,थर
बाक्खिम,थर
बाक्छाली,थर
बाक्पाङ,थर
बाक्रुङ,थर
बाखम,थर
बाखिम,थर
बाखेम्बुक,थर
बाखोसुङ,थर
बाख्रा,जनावर
बाख्राले खाएको बिरुवा र बाहुनले खाएको देश,गालि
बाख्री,गालि
बाग,थर
बागचन,थर
बागचौर,ठाउँ
बागदास,थर
बागमती,ठाउँ
बागलुङ,ठाउँ
बागालेस्चो,थर
बाघ,जनावर
बाघरुङमी,थर
बाङदेलछा,थर
बाङबोट,थर
बाङराङे,थर
बाङ्देल,थर
बाङ्लिङ,थर
बाचा,थर
बाचे,थर
बाछानानाक्छोङ,थर
बाछाप,थर
बाछाली,थर
बाछिहाङ,थर
बाछो,जनावर
बाज,चरा
बाजोरिया,थर
बाझकोटे,थर
बाँझी,गालि
बाँझो,गालि
बाटी,थर
बाठा,थर
बाँडा,थर
बाडाछा,थर
बाँडे,थर
बाडेटिया,थर
बाढी,मौसम
बातकुमारी,थर
बाँतर,थर
बातिङ,थर
बातेम्लू,थर
बादछा,थर
बाँदर,गालि
बाँदर,जनावर
बाँदर्नी,गालि
बादल,मौसम
बादल,भूगोल
बादसाह,गालि
बादारी,थर
बादुखछा,थर
बादुखू,थर
बादे,थर
बादोलुङ,थर
बाद्रेवा,थर
बाध्यकार,थर
बानरी,थर
बानियाँ,थर
बानुछा,थर
बान्ठ,थर
बान्तवा,थर
बान्ताङ,थर
बान्तावा,थर
बान्दुक,थर
बान्दे,थर
बाफिकोट,ठाउँ
बाबगुचा,थर
बाबाई,थर
बाबिम्बुक,थर
बाबिहाङ,थर
बाबुको,सम्बन्ध
बाबुङ,थर
बाभी,थर
बाभुङछा,थर
बामचाकी,थर
बामी,थर
बामे,गालि
बाम्चा,थर
बाम्बुले,थर
बायोङटेम्ची,थर
बारती,थर
बारबर्दिया,ठाउँ
बारमुखी,थर
बारागढी,ठाउँ
बाराली,थर
बारासे,थर
बाराहौँ,थर
बारेकोट,ठाउँ
बार्ताङ,थर
बार्ताम,थर
बार्सी,थर
बालखाम,थर
बालङकपुछा,थर
बालहान्छा,थर
बालाखाम,थर
बालाय,थर
बालाहाङ,थर
बालिबरोँछा,थर
बालिम्खङ,थर
बालिहान्छा,थर
बाली,थर
बालुङ्जा,थर
बाले,थर
बालेमरुङ्छा,थर
बालेम्रू,थर
बालोमर,थर
बाल्टिङ,थर
बाल्नु,गालि
बास,थर
बाँसगढी,ठाउँ
बासिन्द्ये,थर
बासी,थर
बासुकला,थर
बाँस्कोटा,थर
बाँस्तोला,थर
बास्नाम,थर
बाहिङ,थर
बाहिली,थर
बाहुन,गालि
बाहुन काठा,गालि
बाहुन क्षत्री,गालि
बाहुन भाइ,गालि
बाहुनले,गालि
बाहुनवाद,गालि
बाहुनी,गालि
बाहे,थर
बाहेती,थर
बाह्र,अङ्क
बाह्रगाउँ,ठाउँ
बाह्रघरे,थर
बाह्रदसी,ठाउँ
बाह्रबिसे,ठाउँ
बिगु,ठाउँ
बिग्याच,थर
बिच्छा,थर
बिजब्राच,थर
बिजिदेऊ,थर
बिजुक्छे,थर
बिजुली,पेशा
बिटल,कीरा
बिटालू,थर
बिडारी,थर
बित्थडचिर,ठाउँ
बिधुवा,गालि
बिन,थर
बिनिचा,थर
बिनिनेप्चा,थर
बिनुङ,थर
बिनुवा,थर
बिन्जाराब,थर
बिन्दल,थर
बिन्दवासिनी,ठाउँ
बिपाङ,थर
बिमली,थर
बिरबट्टा,थर
बिरहोर,थर
बिरा,थर
बिराछा,थर
बिराजी,थर
बिरामी,रोग
बिरालो,जनावर
बिराहाङ,थर
बिरुवा,ठाउँ
बिरुवार,थर
बिर्खेभर,थर
बिर्तामोड,ठाउँ
बिर्नो,थर
बिर्‍याङ्चा,थर
बिली,थर
बिल्टिम,थर
बिल्ला,गालि
बिष्ट,थर
बिसराँ/बेसरा,थर
बिस्कू,थर
बिस्के,थर
बिहाणी,थर
बिहादी,ठाउँ
बिहान,समय
बुक्खो,थर
बुक्खोस,थर
बुखक्सुङखा,थर
बुङकामा,थर
बुङछिहाङ,थर
बुङछेङ,थर
बुङला,थर
बुङलावा,थर
बुङ्गल,ठाउँ
बुङ्छेन,थर
बुचा,थर
बुचेभाले,थर
बुच्हा,थर
बुछामी,थर
बुजिचा,थर
बुटला,थर
बुटवल,ठाउँ
बुड्थापा,थर
बुढा,थर
बुढाथोकी,थर
बुढानीलकण्ठ,ठाउँ
बुढापेर,थर
बुढामगर,थर
बुढी,गालि
बुढीकन्या,गालि
बुढीगङ्गा,ठाउँ
बुढीनन्दा,ठाउँ
बुढो,गालि
बुताङ,थर
बुत्ताङ,थर
बुत्ते,थर
बुद्ध,धर्म
बुद्धशान्ति,ठाउँ
बुद्धाचार्य,थर
बुद्धि,गालि
बुद्धिमा कीरा पर्नु,गालि
बुनाङ्छा,थर
बुबइपाछा,थर
बुबई,थर
बुबा,सम्बन्ध
बुबाहाङ,थर
बुमाखाम,थर
बुमाली,थर
बुरा,थर
बुरिपाछा,थर
बुर्जा,थर
बुर्जुवा,गालि
बुर्था,थर
बुलरिन्छा,थर
बुलाल,थर
बुलुमिछा,थर
बुल्टिन,थर
बुल्टिम,थर
बुल्तिम,थर
बुल्दोङ,थर
बुसुरे,थर
बुहाङ,थर
बुहारी,गालि
बुहारी,सम्बन्ध
बृन्दावन,ठाउँ
बेकम्मा,गालि
बेकार छ,गालि
बेक्सुप्पा,थर
बेखोङ,थर
बेगानी,थर
बेङ्लामी,थर
बेचेरेस्चो,थर
बेचेरेस्तो,थर
बेढुवा,थर
बेत्खोम,थर
बेथानचोक,ठाउँ
बेदानी,थर
बेनाम्चो,थर
बेनी,ठाउँ
बेनीघाट,ठाउँ
बेन्जू,थर
बेरी,वनस्पति
बेर्घासी,थर
बेलकोटगढी,ठाउँ
बेलदार,थर
बेलबारी,ठाउँ
बेलेम,थर
बेल्दार,थर
बेवकुफ,गालि
बेँसीसहर,ठाउँ
बेहेप,थर
बैका,थर
बैकापी,थर
बैकार,थर
बैंगन,वनस्पति
बैजनाथ,थर
बैजनाथ,ठाउँ
बैजाली,थर
बैजू,थर
बैठा,थर
बैदवार,थर
बैनज्याली,थर
बैया,थर
बैल,जनावर
बोइपाङ,थर
बोकसा,थर
बोकाको मुखमा कुभिन्डो,गालि
बोके,गालि
बोको,गालि
बोक्खिम,थर
बोक्सी,गालि
बोक्सो,गालि
बोगटी,थर
बोगरी,थर
बोछुहाङ,थर
बोछेङ,थर
बोट,थर
बोटे,थर
बोडे,ठाउँ
बोडो,थर
बोड्बाम,थर
बोढे,थर
बोथरा,थर
बोदेबरसाइन,ठाउँ
बोधिमाई,ठाउँ
बोना,थर
बोबोई,थर
बोयोङ,थर
बोयोङबाटा,थर
बोरेखङ,थर
बोरेसाहा,थर
बोल खाते,गालि
बोलोम्खम,थर
बोसखरे,थर
बोस्कर,थर
बोस्कोरे,थर
बोहजू,थर
बोहेप्पा,थर
बोहोरा,थर
बौद्ध,धर्म
बौलाहा,गालि
बौलाही,गालि
ब्यरलुस,थर
ब्याइसङ,थर
ब्याङनासी,थर
ब्याहुत,थर
ब्रमिच,थर
ब्रम्लिच,थर
ब्रलाच,थर
ब्रह्मपुरी,ठाउँ
ब्रह्माण्ड,ब्रह्माण्ड
ब्रा,गालि
ब्राङखाल्चू,थर
ब्राङ्ख्याल्चो,थर
ब्राचुङे,थर
ब्राम्हणवादी,गालि
ब्रोंकाइटिस,रोग
ब्लु,गालि
ब्लोन,थर
ब्वाँसो,गालि
ब्वाँसो,जनावर
भक्त,धर्म
भक्तपुर,ठाउँ
भगत,थर
भगवतीमाई,ठाउँ
भगवानपुर,ठाउँ
भँगाहा,ठाउँ
भँगेरा,चरा
भङ्याल,थर
भजनी,ठाउँ
भँजू,थर
भज्यू,थर
भटगमिया,थर
भट्ट,थर
भट्टचन,थर
भट्टड,थर
भट्टराई,थर
भँडुवा,गालि
भण्डारी,थर
भतुवा,गालि
भदरी,थर
भदवा,थर
भद्रपुर,ठाउँ
भद्रा,थर
भनाउँदा,गालि
भन्जा,थर
भन्डारी,थर
भन्दल,थर
भन्याल,थर
भर,थर
भरतपुर,ठाउँ
भरिन्याल,थर
भरिया,गालि
भरौटे,गालि
भर्खर उम्रेका चल्ला,गालि
भर्जिन,गालि
भलन्जा,थर
भलन्धी,थर
भँसाली,थर
भस्की,थर
भाइसमरिया,थर
भाउजु,सम्बन्ध
भाक मुजी,गालि
भागेश्वर,ठाउँ
भाङ्गर,थर
भाजय,थर
भाट,थर
भाटले,थर
भाटिया,थर
भाटी,थर
भाँड,थर
भाडा,गालि
भातमारा,गालि
भाते,गालि
भानु,ठाउँ
भान्जा,सम्बन्ध
भान्जी,सम्बन्ध
भायन चोद,गालि
भारा,थर
भाला,गालि
भालु,गालि
भालु,जनावर
भावाचाचो,थर
भासिक,थर
भासिमा,थर
भिक्षुणी,धर्म
भिख दिनु,गालि
भिख माग्नु,गालि
भिखारी,गालि
"भिखारी, माग्ने",पेशा
भिनाजू,सम्बन्ध
भिमसरिया,थर
भिमाद,ठाउँ
भिरकोट,ठाउँ
भिरम,थर
भिरिङ्गी,गालि
भीमफेदी,ठाउँ
भीमसरिया,थर
भीमसेन,ठाउँ
भीमेश्वर,ठाउँ
भुईँ,थर
भुईँकटर,वनस्पति
भुक्नु,गालि
भुच्युङ,थर
भुजा,थर
भुजिचा,थर
भुजू,थर
भुज्याल,थर
भुँडी,अंग
भुत,गालि
भुतडा,थर
भुत्राको,गालि
भुत्रो,गालि
भुत्ला,गालि
भुमे,ठाउँ
भुम्लु,ठाउँ
भुर्तेल,थर
भुल,थर
भुसुना,कीरा
भुसुनु,गालि
भुसेल,थर
भुस्नामछा,थर
भेच्याव,थर
भेजा,गालि
भेटवाल,थर
भेडा,गालि
भेडा,जनावर
भेंडा,जनावर
भेडा जनता,गालि
भेडाबारे,थर
भेडाहरु,गालि
भेडियार,थर
भेडे,थर
भेडो,गालि
भेरी,ठाउँ
भेरीगङ्गा,ठाउँ
भेले,गालि
भेले,थर
भै टोपल्नु,गालि
भै टोपल्ने,गालि
भैनात्व,थर
भैया,गालि
भैया,थर
भैरवी,ठाउँ
भैल,थर
भैंसि,जनावर
भैंसी,गालि
भैंसी,जनावर
भैंसे,गालि
भोगविलास,गालि
भोङला,थर
भोछिभोया,थर
भोजन,भान्सा
भोटखोला,ठाउँ
भोटिनी,गालि
भोटिया,थर
भोटे,गालि
भोटेकोसी,ठाउँ
भोटेसुनाम,थर
भोपाल,थर
भोमजन,थर
भोमी,थर
भोम्याल,थर
भोलि,समय
भोले,थर
भोसड़ी,गालि
भौं,अंग
भौकाजी,थर
भ्यागुतो,जनावर
भ्रम,गालि
भ्रष्ट,गालि
भ्रष्टाचार,गालि
भ्रष्टाचार,कानून
भ्लोन,थर
भ्वेद्य,थर
मइचू,थर
मकवानपुरगढी,ठाउँ
मकारुङछा,थर
मकालु,ठाउँ
मखरानी,थर
मगज खुस्किनु,गालि
मगजू,थर
मगन्ते,गालि
मगर,गालि
मगहिया,थर
मघैया,थर
मङराती,थर
मङलोक्त,थर
मङ्गतु,थर
मङ्गल,थर
मङ्गला,ठाउँ
मङ्गी,थर
मचामसी,थर
मचाल,थर
मजज्योर,थर
मझुवा,गालि
मझौरा,थर
मटिहानी,ठाउँ
मडर,थर
मडवैता,थर
मडिक,थर
मणियार,थर
मण्डनदेउपुर,ठाउँ
मण्डल,थर
मतदान पेटी,राजनिती
मतिहाङ,थर
मत्कू,थर
मंत्री,राजनिती
मंत्री,पेशा
मदाने,ठाउँ
मदिसे,गालि
मदेन्छङ,थर
मधिकर्मी,थर
मधुकुल,थर
मधुमेह,रोग
मधुवन,ठाउँ
मधुवा,थर
मध्यनेपाल,ठाउँ
मध्यरात,समय
मध्याह्न,समय
मनपरेल,थर
मनरासिसवा,ठाउँ
मनसुन,मौसम
मनोहरि,ठाउँ
मन्जरी,थर
मन्जिछावा,थर
मन्डले,गालि
मन्ताह,थर
मन्त्रालय,राजनिती
मन्त्री,थर
मन्थली,ठाउँ
मन्द,थर
मन्दिर,धर्म
मन्सुर,थर
मन्सुरी,थर
मपाईँ,गालि
मपाईं,गालि
ममकफोबे,थर
ममरिन,थर
मयङ्क,थर
मयङ्बा,थर
मयुर,चरा
मर,थर
मरन्च्याँसे,गालि
मरन्येली,थर
मरहट्टा,थर
मरहट्ठा,थर
मरासिनी,थर
मरिक,थर
मरिङ,ठाउँ
मरिलुङ,थर
मरुन्या,थर
मरुभूमि,भूगोल
मरू,थर
मरोस,गालि
मर्दनिया,थर
मर्दा,थर
मर्न नसकेको,गालि
मर्रासी,थर
मर्स्याङ्दी,ठाउँ
मल,थर
मलङ्गवा,ठाउँ
मलद्वार,अंग
मलाशय,अंग
मलाह,थर
मलेकू,थर
मलेगू,थर
मल्थो,थर
मल्यो,थर
मल्ल,थर
मल्लरानी,ठाउँ
मल्लाह,थर
मल्लिक,थर
मल्ली,थर
मसरङ्गी,थर
मसराङ्की,थर
मसराङ्गी,थर
मसान,गालि
मसामसी,थर
मसाल,थर
मसुके,थर
मस्करा,थर
मस्जिद,धर्म
मस्टा,ठाउँ
"मस्तिष्क, दिमाग",अंग
महत,थर
महतो,थर
महन्त,थर
महर,थर
महरा,थर
महर्जन,थर
महाकाली,ठाउँ
महाकुलुङ,थर
महाकुलुङ,ठाउँ
महागढीमाई,ठाउँ
महाङ्काल,ठाउँ
महाठिस,गालि
महादेवा,ठाउँ
महापापी,गालि
महाबई,ठाउँ
महाबु,ठाउँ
महाबो,थर
महाभारत,ठाउँ
महामारी,रोग
महालक्ष्मी,ठाउँ
महाशिला,ठाउँ
महासचिव,राजनिती
महासय,गालि
महासागर,भूगोल
महासेठ,थर
महिना,समय
महिपाल,थर
महिल,थर
महिष्पा,थर
महेनसरिया,थर
महोत्तरी,ठाउँ
माइझ,थर
माओवादी,गालि
माक,थर
माकजू,थर
माकारा,थर
माकाहाङ,थर
माकि,गालि
माकिचुत,गालि
माकिम,थर
माकी,थर
माकुना,थर
माकुम्पा,थर
माकुरा,कीरा
माक्रिहाङ,थर
माखरिया,थर
माखाजू,थर
माखिम,थर
मागन्छे,थर
मागिसम,थर
माग्ने,गालि
माघेगाडिया,थर
माङजिखिम,थर
माङपाहाङ,थर
माङफुङ,थर
माङबुङ,थर
माङबुहाङ,थर
माङभुङ,थर
माङयुङ,थर
माङलो,थर
माङवाखिम,थर
माङ्बू,थर
माङ्सेबुङ,ठाउँ
माचिक्ने,गालि
माचे,थर
माच्चिक्ने,गालि
माच्चिक्ने मुजी,गालि
माछाने,थर
माछापुच्छ्रे,ठाउँ
माजा,थर
माझी,पेशा
माझ्याक्ने,गालि
माटाङ,थर
माटाङ्गुलू,थर
माडी,ठाउँ
माडे,गालि
माड्नु,गालि
माढी,ठाउँ
माताँ,थर
माताङ्गी,थर
माताहाङ,थर
मातिम्बुस,थर
मातृ,सम्बन्ध
माथ,थर
माथरथोके,थर
माथेमा,थर
माथोक्या,थर
मादर,गालि
मादरचुत,गालि
मादी,ठाउँ
मादेन,थर
माधवनारायण,ठाउँ
माधोगरिया,थर
मानन्धर,थर
मानपुङ्ग्या,थर
मानसिक रोगी,गालि
मान्थुम्बो,थर
मान्थेबुल,थर
मान्थेर्बू,थर
मान्दारा,थर
मान्दुप्पा,थर
मान्द्रे,थर
मान्पाहान्छा,थर
मान्बुन्छा,थर
माफिम,थर
माफिया,गालि
मामा,सम्बन्ध
माम्पाहाङ,थर
मारकी,थर
माराम,थर
मारिम्लुङ,थर
मारुन्छान,थर
मारू,थर
मारेन,थर
मारोमुल,थर
मार्का,थर
मार्टू,थर
मार्न,गालि
मार्नु,गालि
मार्नु,कानून
मार्ने,गालि
मार्पा,थर
मार्पाक,थर
मार्मा,ठाउँ
माल,गालि
माल,थर
मालपाडे,थर
मालपाणी,थर
मालाकार,थर
मालानगी,थर
मालिका,ठाउँ
मालिकार्जुन,ठाउँ
माली,पेशा
माली,थर
मालेकुङ,थर
मालेकुरुङ्छा,थर
मालेहाङ,थर
मावोहाङ,थर
मासरङ्गी,थर
मासु,अंग
मासुरी,थर
मास्की,थर
मास्के,थर
माहाट्ठा,थर
माहुते,थर
मिकचन,थर
मिक्लाजुङ,ठाउँ
मिक्वाखोला,ठाउँ
मिक्सी,थर
मिखक्पा,थर
मिगी,थर
मिजाई,थर
मिजाबारे,थर
मिजार,थर
मिति,समय
मित्तक,थर
मित्तल,थर
मित्रुका,थर
मिथाहाङ,थर
मिथिला,ठाउँ
मिदुन,थर
मिनेट,समय
मिन्डा,थर
मिन्याक्पा,थर
मियाँ,थर
मिरमिरे,समय
मिराहाङ,थर
मिर्गी,रोग
मिर्चैया,ठाउँ
मिर्धा,थर
मिलिवा,थर
मिल्छा,थर
मिश्र,थर
मिश्रा,थर
मुकछुङ्वा,थर
मुकन्पार,थर
मुकारुङ,थर
मुकारुङछा,थर
मुकुट,थर
मुक्काचा,थर
मुक्काचो,थर
मुक्काथेछा,थर
मुक्थुङछा,थर
मुक्मेन,थर
मुक्यार,थर
मुक्लिङ,थर
मुक्समी,थर
मुक्सुहाङ,थर
मुख,अंग
मुख सम्हालेर बोल्नु,गालि
मुखिया,थर
मुखेठोके,थर
मुख्खा,थर
मुख्यमंत्री,राजनिती
मुगुमर्मारोङ,ठाउँ
मुजी,गालि
मुजी खाते,गालि
मुजी धोती,गालि
मुजी भतुवा,गालि
मुजी रण्डी,गालि
मुटु,अंग
मुटु रोग,रोग
मुडुके,थर
मुड्केचुला,ठाउँ
मुण्डदा,थर
मुत,गालि
मुत्माहाङ,थर
मुदेनलेम्मु,थर
मुनकर्मी,थर
मुनलिङ,थर
मुना,थर
मुनाङ्ङ,थर
मुनाचाचोछा,थर
मुनारी,थर
मुन्चुप्पा,थर
मुन्टिनु,गालि
मुन्टो,गालि
मुन्डा,थर
मुन्द्रा,थर
मुन्धडा,थर
मुन्धुपाछा,थर
मुन्मिन्छो,थर
मुप्लोच्यो,थर
मुम,थर
मुम्हो,थर
मुराउ,थर
मुरारका,थर
मुरिया,थर
मुरी,थर
मुर्गा,गालि
मुर्गी,गालि
मुर्दा,गालि
मुर्दावाद,गालि
मुर्दीनी,गालि
मुर्मछान,थर
मुर्मी,थर
मुर्मू,थर
मुलचा,थर
मुला,वनस्पति
मुलिचा,थर
मुलिमा,थर
मुलुखुस,थर
मुलुहाङ,थर
मुलेपटी,थर
मुलेहो,थर
मुल्ङ्गखरे,गालि
मुल्तिम,थर
मुल्मी,थर
मुल्याछा,थर
मुसमनिया,थर
मुसलमान,धर्म
मुसलमान विद्वान,धर्म
मुसहर,थर
मुसा,जनावर
मुसिहङ्छा,थर
मुसीकोट,ठाउँ
मुस्नाम,थर
मुस्याख,थर
मुस्याखो,थर
मूत्र,अंग
मूत्राशय,अंग
मूर्ख,गालि
मूर्ति,धर्म
मूल,थर
मूलकर्मी,थर
मूला,गालि
मूलासाग,गालि
मूल्यवर्ग,धर्म
मृग,जनावर
मृगको बच्चा,जनावर
मृगौला,अंग
मृत्यु,रोग
मृत्यु,धर्म
मृत्युदण्ड,कानून
मेकचन,थर
मेक्खू,थर
मेख्ती,थर
मेघा,थर
मेघासी,थर
मेघी,थर
मेङ,थर
मेङमुङ,थर
मेचीनगर,ठाउँ
मेचे,थर
मेत्लोङढोङ,थर
मेदासी,थर
मेनकर्मा,थर
मेन्छ्यायेम,ठाउँ
मेन्डे,थर
मेन्दे,थर
मेन्देवा,थर
मेन्नवा,थर
मेन्नावा,थर
मेन्याङ्बा,थर
मेयाङ्गो,थर
मेयाङ्बो,थर
मेयोक्पा,थर
मेरासाचा,थर
मेरिङ्देव,ठाउँ
मेलम्ची,ठाउँ
मेलुङ,ठाउँ
मेलेहोङ,थर
मेलौली,ठाउँ
मेवा,वनस्पति
मेवाहाङ,थर
मेस्तर,थर
मेहणसरिया,थर
मेहतर,थर
मेहता,थर
मैथुन,गालि
मैनथोकी,थर
मैनाली,थर
मैयुङ,थर
मैवाखोला,ठाउँ
मोक्तान,थर
मोक्तुलू,थर
मोग्मी,थर
मोची,थर
मोचोछा,थर
मोटिम्बू,थर
मोतीबिन्दु,गालि
मोतीबिन्दु,रोग
मोदी,थर
मोदी,ठाउँ
मोपा,थर
मोपोचा,थर
मोबचन,थर
मोर,थर
मोरङ्गिया,थर
मोरङ्मू,थर
मोरबुबुगुन,थर
मोरम,थर
मोरहाङ,थर
मोरोखो,थर
मोरोलुम,थर
मोल,थर
मोल्थो,थर
मोल्हामू,थर
मोसाई,थर
मोहन्याल,ठाउँ
मोहपाल,थर
मोहेश्वरी,थर
मौरी,कीरा
मौलापुर,ठाउँ
मौसम,मौसम
म्यगङ,ठाउँ
म्याग्दे,ठाउँ
म्याङबङ,थर
म्याङलुङ,ठाउँ
म्यारोमीटर,मौसम
म्यार्सू,थर
म्हलू,थर
म्होसी,थर
यथास्थिति,राजनिती
यथास्थितिवादी,राजनिती
यदेम्चा,थर
यन्लुङचा,थर
यमुनामाई,ठाउँ
ययोसाचा,थर
यलगुच,थर
यवा,थर
यसलाई मार्नु,गालि
यसलामी,थर
यसासछा,थर
यस्यचोचा,थर
यहमित,थर
यहूदी,धर्म
याएम्बा,थर
याकचा,थर
याकथुम्बा,थर
याकामी,थर
याक्थुङ,थर
याक्थुङ्बा,थर
याक्थुहाङ,थर
याक्सो,थर
याखाङरा,थर
याखुम,थर
याख्खा,थर
याङकिम्बू,थर
याङकोङ,थर
याङकोप्पा,थर
याङतुम्पा,थर
याङमाङ,थर
याङमाली,थर
याङयुङ,थर
याङवाराक,ठाउँ
याङ्जा,थर
याचा,थर
यातिहा,थर
यातिहाङ,थर
यादी,थर
याँदी,थर
यानाम,थर
यान्तेर्सी,थर
यान्दी,थर
याम्दाली,थर
याम्फु,थर
याम्फू,थर
यायोख्खा,थर
याल काढेर,गालि
यालुङ,थर
याहायो,थर
याहोङ,थर
याहोँछा,थर
युक्चुमू,थर
युग,समय
युगङ्म,थर
युद्ध,कानून
युद्ध विराम,कानून
युनयुवा,थर
युन्बुचा,थर
युमित,थर
युल्गोङ्मा,थर
युँवारम,थर
युवाहाङ,थर
येइमुछा,थर
येइसा,थर
येमासई,थर
यो बाहुन,गालि
योकथुम्बा,थर
योक्छिरिङ,थर
योक्थोकहाङ,थर
योक्पाङ्देन,थर
योगोल,थर
योङ्खा,थर
योङ्गा,थर
योङ्छेन,थर
योङ्बुहाङ,थर
योङ्या,थर
योङ्याङ,थर
योङ्सोर,थर
योङ्हाङ,थर
योज,थर
योनी,गालि
योनी,अंग
योन्जन,थर
योर्गुङ,थर
योल्जो,थर
योवधोङ,थर
योसिय,थर
यौजा,थर
यौन रोग,रोग
यौनाङ्ग,गालि
रकटिया,थर
रकल,थर
रकस,थर
रकामू,थर
रक्तअल्पता,रोग
रक्तस्राव रोग,रोग
रक्सेबुरा,थर
रखदुख,थर
रखाल,थर
रगत,अंग
रगात,थर
रगाल,थर
रग्गो,थर
रग्मी,थर
रघुगङ्गा,ठाउँ
रङ फेर्ने छेपारो,गालि
रङछङ,थर
रङछाच्यो,थर
रङबुले,थर
रङसाक्वा,थर
रङिन,थर
रङ्गू,थर
रङ्गेली,ठाउँ
रजक,थर
रजगाह,थर
रजगैया,थर
रजघरिया,थर
रजान,थर
रजाली,थर
रझठिया,थर
रञ्जन,थर
रञ्जित,थर
रञ्जितकार,थर
रतकुछा,थर
रतन्धो,गालि
रतुवा,थर
रतुवामाई,ठाउँ
रतेरिया,थर
रत्कू,थर
रत्ननगर,ठाउँ
रत्नपार्क,गालि
रत्नाखाली,थर
रदलिछा,थर
रदी,थर
रदुक,थर
रनगजे,थर
रनाहोँछा,थर
रन्केपुन,थर
रन्गू,थर
रन्चिमछा,थर
रन्छङ,थर
रन्जू,थर
रन्डा,गालि
रन्डी,गालि
रन्डीकी छोरी,गालि
रन्डीको औलात,गालि
रन्डीको छोरा,गालि
रन्डीको छोरो,गालि
रन्डीको वहान,गालि
रन्डीखाना,गालि
रन्डो,गालि
रपाखू,थर
रप्तेम्बा,थर
रब,थर
रभुङ,थर
रभोङ्छा,थर
रमण,थर
रमौली,थर
रम्छा,थर
रम्जाली,थर
रम्मो,थर
रयगे,थर
रल्लेचा,थर
रवान,थर
रविदास,थर
रसाल,थर
रसिपा,थर
रसिया,थर
रहारी,थर
रहास्मी,थर
राइङछा,थर
राइचू,थर
राइन,थर
राइनास,ठाउँ
राई,गालि
राईनी,गालि
राउजे,थर
राउत,थर
राउल,थर
राउलो,थर
राकातकोटी,थर
राकार,थर
राकासकोटी,थर
राकासे,थर
राकेचा,थर
राक्षस,गालि
राक्षस्नी,गालि
राक्सीराङ,ठाउँ
राखमिछा,थर
राखापू,थर
राखाली,थर
रागुले,थर
राग्नू,थर
राङकासुछा,थर
राङमिसा,थर
राङरिहङसा,थर
राङरिहाङ,थर
राङी,थर
राङ्खानी,थर
राङ्गिहाङ,थर
राचिङे,थर
राँची,गालि
राज,थर
राजकर्णिकार,थर
राजकोटी,थर
राजगढ,ठाउँ
राजगढिया,थर
राजगी,थर
राजचल,थर
राजथला,थर
राजदेवी,ठाउँ
राजधोब,थर
राजनीतिज्ञ,पेशा
राजपुत,थर
राजपुतुवार,थर
राजपुर,ठाउँ
राजबाँतर,थर
राजभण्डारी,थर
राजभर,थर
राजलवट,थर
राजवंशी,थर
राजवाहक,थर
राजविराज,ठाउँ
राजहटिया,थर
राजा,राजनिती
राजापुर,ठाउँ
राजालिसा,थर
राजिती,थर
राजिपोस,थर
राजिबुस,थर
राजी,थर
राजीनामा,राजनिती
राजोपाध्याय,थर
राठी,थर
राठोर,थर
राँडी,गालि
राँडीको छोरा,गालि
राँडीको वहान,गालि
राँडो,गालि
रात,समय
रात,भूगोल
रातोस,थर
रात्दास,थर
राथाङ,थर
राथुम,थर
राथेचा,थर
रादिङ,थर
रादिने,थर
रादुङ,थर
राद्मी,थर
राधिथिङ्गे,थर
राधुङछा,थर
राना,थर
रानाक,थर
रानाहो,थर
रानी,राजनिती
रानी,थर
रापचा,थर
रापधाचाछा,थर
रापिचा,थर
राप्छास,थर
राप्ती,ठाउँ
राप्तीसोनारी,ठाउँ
राप्धाचो,थर
राबुङ,थर
राभ्वाङ्चा,थर
राम,थर
रामखानी,थर
रामगोपालपुर,ठाउँ
रामजाली,थर
रामटारी,थर
रामदाम,थर
रामधुनी,ठाउँ
रामनगर,ठाउँ
रामलामी,थर
रामुदामु,थर
रामेछाप,ठाउँ
राय,थर
रायङ्ग,थर
रायमाझी,थर
राया,थर
राराहाङ,थर
रारेन्जे,थर
राले,थर
रावत,थर
रावाचा,थर
रावाबेँसी,ठाउँ
रावाहाङ,थर
राष्ट्रघाती,गालि
राष्ट्रद्रोही,गालि
राष्ट्रपति,राजनिती
रासकोट,ठाउँ
रास्कोटी,थर
राहाङ,थर
रिगेल,थर
रिङालुङ,थर
रिङ्गिन,थर
रिजापति,थर
रिजाल,थर
रिदली,थर
रिनाङ,थर
रिनाम्छा,थर
रिनाहान्छा,थर
रिन्जाली,थर
रिन्हो,थर
रिपिती,थर
रिप्दोच्यो,थर
रिबिती,थर
रिबिलिङछा,थर
रिब्दीकोट,ठाउँ
रिम,थर
रिमाल,थर
रिमाली,थर
रिमियल,थर
रिम्दुङ,थर
रिम्मी,थर
रियामू,थर
रिल्दे,थर
रिल्ली,थर
रिल्वाङ,थर
रिसङ्च्यो,थर
रिसाल,थर
रुको,थर
रुखुपा,थर
रुँगटा,थर
रुङख,थर
रुङमाङ,थर
रुङमान्छा,थर
रुङहाङसाप्लोटन,थर
रुङ्खोतुक्ता,थर
रुङ्गटा,थर
रुचाल,थर
रुछेङबुङ,थर
रुछेन्बुङ,थर
रुजिच,थर
रुद्रघन्टी,अंग
रुनास,थर
रुन्तिजा,थर
रुन्दुस,थर
रुपकोटे,थर
रुपाखेती,थर
रुपाचा,थर
रुपाबुङ,थर
रुबीभ्याली,ठाउँ
रुमाले,थर
रुम्दक,थर
रुम्दाली,थर
रुम्बा,थर
रुसामी,थर
रुहान,थर
रूपनी,ठाउँ
रूपा,ठाउँ
रेक्वातो,थर
रेग्मी,थर
रेघामी,थर
रेडियोबिना,भान्सा
रेप्सुना,थर
रेबीज,गालि
रेमुना,थर
रेरेप्चोङ,थर
रेलिङ्गे,थर
रेलिरोछिङ,थर
रेवाली,थर
रेसम कीरा,कीरा
रेसुङ्गा,ठाउँ
रेस्मी,थर
रैका,थर
रैदास,थर
रोइमडिती,थर
रोकथोक,थर
रोका,थर
रोकाया,थर
रोकाहा,थर
रोके,थर
रोक्का,थर
रोगी,गालि
रोगू,थर
रोङगोङ,थर
रोङछावा,थर
रोङथोङ,थर
रोङदोम,थर
रोङसाङ,थर
रोङ्गोङ,थर
रोङ्च्या,थर
रोङ्शेर्पा,थर
रोछिङ,थर
रोजिपो,थर
रोदुङ,थर
रोदुवा,थर
रोदोङ,थर
रोदोल,थर
रोदोली,थर
रोधिलिसा,थर
रोनाम,थर
रोनियार,थर
रोभो,थर
रोलिम,थर
रोलेचा,थर
रोसी,ठाउँ
रोसुन्छा,थर
रोहो,थर
रौतार,थर
रौनियार,थर
र्,गालि
लइकाङ,थर
लकसमू,थर
लकाई,थर
लक्षण,रोग
लक्ष्मीनिया,ठाउँ
लक्सम,थर
लखेट्नु,गालि
लगुच,थर
लगू,थर
लङ,थर
लङ्गडा,रोग
लङ्गडो,गालि
लङ्गाकोटी,थर
लङ्वा,थर
लछारपाटो,गालि
लछिन्हू,थर
लछ्यमसू,थर
लठूवा,गालि
लठेब्री,गालि
लठेब्रो,गालि
लठ्ठी,गालि
लड्डा,थर
लढा,थर
लन्ठू,गालि
लन्ठै साफ,गालि
लप्पा,थर
लफडा,गालि
लमजाल,थर
लमतरी,थर
लमपुछिया,थर
लम्कीचुहा,ठाउँ
लम्तरी,थर
लम्दुङ्मू,थर
लम्दुवा,थर
लम्साल,थर
लयजू,थर
लर्नाच्य,थर
ललपुरिया,थर
ललितपुर,ठाउँ
ललुक्सा,थर
लवज,थर
लवट,थर
लवा,थर
लवाती,थर
लसपचा,थर
लसर्घा,ठाउँ
लस्करी,थर
लहर,भूगोल
लहान,ठाउँ
लहुता,थर
लाका,थर
लाकान्जू,थर
लाकासिन्धू,थर
लाकियोङ,थर
लाकोल,थर
लाक्लाङपा,थर
लाक्वाङहाङ,थर
लाक्वाहाङ,थर
लाखा,थर
लाखाजू,थर
लाखामरू,थर
लाखेमरू,थर
लाखोटिया,थर
लागे,थर
लागेजू,थर
लाङफेवा,थर
लाङली,थर
लाङ्छासार्मुखी,थर
लाचा,थर
लाछार,थर
लाछी,गालि
लाज नभएका नकचराहरू,गालि
लाज नभएकाहरू,गालि
लाज पचाउनु,गालि
लाजै पचाएर,गालि
लाट,थर
लाटा,रोग
लाटाले पापा हेरे जस्तो,गालि
लाटी,गालि
लाटेर,थर
लाटो,गालि
लाटो देशको गाँडो तन्नेरी,गालि
लाटो लड्छ एक बल्ड्याङ बाठो लड्छ सात बल्ड्याङ,गालि
लाठ,थर
लाठा,थर
लाडसरिया,थर
लाँडो,गालि
लात्तीले हिर्काएर बारीको पाटामा,गालि
लान्टारी,थर
लाफनाच्यो,थर
लाफे,थर
लाफेङछा,थर
लाबुङ,थर
लाभ,थर
लामखुट्टे,कीरा
लामगार,थर
लामछाकी,थर
लामजाली,थर
लामजेल,थर
लामटानी,थर
लामटामी,थर
लामा,थर
लामागन्जू,थर
लामायाङदेन,थर
लामिछाने,थर
लामिमस्यू,थर
लाम्छामी,थर
लाम्टो,गालि
लाम्देवा,थर
लाम्बाछू,थर
लाया,थर
लायो,थर
लाल,थर
लालचन,थर
लालपुरिया,थर
लालबन्दी,ठाउँ
लालवानी,थर
लाला,थर
लालीगुराँस,ठाउँ
लालुवा,थर
लावतिछा,थर
लावती,थर
लाहाङ,थर
लाहिम्चो,थर
लाहोटी,थर
लिखी,थर
लिखु,ठाउँ
लिखुपिके,ठाउँ
लिंग,अंग
लिगल,थर
लिङखिम,थर
लिङथेप,थर
लिङदामू,थर
लिङदेन,थर
लिङ्खा,थर
लिङ्खिम,थर
लिङ्ग,गालि
लिछिन्माछा,थर
लिनजिङ,थर
लिनिजिङ,थर
लिनू,थर
लिनोच,थर
लिपिहोङ,थर
लिपुङ,थर
लिपुहङ्छा,थर
लिपोँहोछा,थर
लिफुङ,थर
लिबाची,थर
लिबी,थर
लिमेल,थर
लिम्बाङ,थर
लिम्बुखिम,थर
लिम्बुहिम,थर
लिम्माछित,थर
लिलुच,थर
लिवाङ,थर
लिसङ्खुपाखर,ठाउँ
लुइटेल,थर
लुक्वाहाङ,थर
लुखिच,थर
लुगुन,थर
लुघिरा,थर
लुङकार्पो,थर
लुङ्गेली,थर
लुङ्च,थर
लुङ्बा,थर
लुछिर,थर
लुटेरा,गालि
लुटेराको साक्षी चाेर,गालि
लुतिमिचा,थर
लुनावत,थर
लुनिया,थर
लुन्ची,थर
लुपपोन्छा,थर
लुपो,थर
लुबारी,थर
लुमरुस,थर
लुमुचे,थर
लुम्छ्या,थर
लुम्फुङ्वा,थर
लुम्बा,थर
लुम्रे,थर
लुम्लुमा,थर
लुम्साली,थर
लुरा,थर
लुला,थर
लुलाम,थर
लुलिहाङ,थर
लुवान,थर
लूट,कानून
लूतीखूइरे,गालि
लेकबेँसी,ठाउँ
लेकम,ठाउँ
लेकेची,थर
लेक्नाडू,थर
लेक्भाङ,थर
लेखक,पेशा
लेखी,थर
लेगाई,थर
लेगे,थर
लेङसुवा,थर
लेङ्खुवा,थर
लेजवियन,गालि
लेजुङ,थर
लेटाङ,ठाउँ
लेन्दा,थर
लेन्सुबाछा,थर
लेफेवा,थर
लेभक,थर
लेम्बो,थर
लैचे,थर
लैचेछा,थर
लो,थर
लोकतन्त्र,राजनिती
लोकसोमू,थर
लोकुच,थर
लोक्यावा,थर
लोक्वाहाङ,थर
लोखर्के,जनावर
लोग्ने,गालि
लोङकुच,थर
लोङगावा,थर
लोङसयवा,थर
लोङिन,थर
लोङ्गावा,थर
लोढा,थर
लोदर,गालि
लोदरे,गालि
लोन्दोङच्यो,थर
लोप्चन,थर
लोफर,गालि
लोबेन,थर
लोम्दुवा,थर
लोम्बिच,थर
लोरिन्देन,थर
लोरुङ,थर
लोलामिच्यो,थर
लोल्पे,थर
लोवा,थर
लोवाङा,थर
लोवात्ती,थर
लोहनी,थर
लोहरीपट्टी,ठाउँ
लोहला,थर
लोहार,पेशा
लोहारीवाल,थर
लोहिया,थर
लोहोरुङ,थर
लौका,वनस्पति
लौगी,थर
लौर,थर
ल्याङ्,गालि
ल्वार,थर
ल्हामुछिरिङ,थर
ल्हायो,थर
ल्हालुङ,थर
ल्हालुङ्वा,थर
ल्हाल्हो,थर
ल्हुक्पा,थर
ल्होपा,थर
ल्होमन्थाङ,ठाउँ
ल्होवा,थर
वकिल,कानून
वज्राचार्य,थर
वटेश्वर,ठाउँ
वन,भूगोल
वन,थर
वनखोल्चाछा,थर
वनमाला,थर
वर्मा,थर
वर्ष,समय
वर्षा,मौसम
वर्षा,भूगोल
वर्षा ऋतु,मौसम
वर्षाको,मौसम
वली,गालि
वली,थर
वलीको बोको,गालि
वसन्त,मौसम
वस्ती,थर
वाइङ्गे,थर
वाइबा,थर
वाक्नाडू,थर
वाक्य,कानून
वाग्ले,थर
वाङचोङ,थर
वाङ्दे,थर
वाचा,थर
वाछाङछा,थर
वाछाना,थर
वाछाप्पा,थर
वाछेप्पा,थर
वाजपेयी,थर
वाडोबा,थर
वातावरण,भूगोल
वातेम्लू,थर
वामी,ठाउँ
वायुङ,थर
वायुङछा,थर
वारिस,सम्बन्ध
वार्दा,थर
वाल,गालि
वालक्पू,थर
वालिङ,थर
वालिङ,ठाउँ
वालुङ,थर
वालेङब्रुङ्छा,थर
वाह,गालि
वाहन,गालि
वाहियत,गालि
विखण्डनकारी,गालि
विचार गरेर बोल्नु,गालि
विजयनगर,ठाउँ
विदुर,ठाउँ
विदेशीको छाद,गालि
विदेह,ठाउँ
विद्याधर,थर
विद्वान,धर्म
विधर्म,धर्म
विधुर,गालि
विराटनगर,ठाउँ
विवेकहीन,गालि
विश्रामपुर,ठाउँ
विश्व,भूगोल
विश्वास,धर्म
विश्वास,थर
विश्वासी,धर्म
विष,गालि
विष बृक्ष राेपेर अमृत फलको आशा गर्नु,गालि
विष्ट,थर
विष्णु,ठाउँ
विष्णुपुर,ठाउँ
विहारी,गालि
वीरगन्ज,ठाउँ
वीरेन्द्रनगर,ठाउँ
वीर्य,गालि
वेत्रावती,ठाउँ
वेश्या,गालि
वेश्यालय,गालि
वैज्ञानिक,पेशा
वैतेश्वर,ठाउँ
वैद्य,थर
वोकोहराम,गालि
व्यक्तिगत स्वार्थ,गालि
व्यञ्जनकार,थर
व्यापारी,पेशा
व्यास,थर
व्यास,ठाउँ
शख्खर,वनस्पति
शङ्खरापुर,ठाउँ
शताब्दी,समय
शपथ,राजनिती
शम्भुनाथ,ठाउँ
शरणार्थी,गालि
शरद,मौसम
शर्मा,थर
शाक्य,थर
शाखा,थर
शान्तिनगर,ठाउँ
शारदा,ठाउँ
शाह,थर
शाहीपल्ल,थर
शिकारी कुकुर,जनावर
शिक्षा,धर्म
शिखर,ठाउँ
शिलाकार,थर
शिलापति,थर
शिल्पकार,थर
शिवनाथ,ठाउँ
शिवपुरी,ठाउँ
शिवसताक्षी,ठाउँ
शिवाकोटी,थर
शिवाचार्य,थर
शिवालय,ठाउँ
शीत,मौसम
शीत,भूगोल
शुक्रकीट,गालि
शुक्ला,थर
शुक्लागण्डकी,ठाउँ
शुक्लाफाँटा,ठाउँ
शुभकालिका,ठाउँ
शूद्र,गालि
शेख,थर
शेरचन,थर
शैलुङ,ठाउँ
शैल्यशिखर,ठाउँ
श्राप,धर्म
श्रीपाली,थर
श्रीवास्तव,थर
षडानन्द,ठाउँ
षड्यन्त्रकारी,गालि
सक्छस् भने मसँग आइज,गालि
सक्साङ,थर
सखुवानानकरपट्टी,ठाउँ
संघई,थर
सङगुपू,थर
सङ्गत,थर
सङ्ग्रौला,थर
सङ्घाई,थर
सचेती,थर
सजाय,कानून
सटाकसरी,थर
सटाकसारी,थर
सडकछाप,गालि
सतचालिस,अङ्क
सतसट्ठी,अङ्क
सतहत्तर,अङ्क
सतासी,अङ्क
सतिप्पा,थर
सतुवा,थर
सत्तरी,अङ्क
सत्ताइस,अङ्क
सत्मा,थर
सत्यवती,ठाउँ
सत्याल,थर
सत्र,अङ्क
सत्राप्च,थर
सदा,थर
सदामू,थर
सदुच,थर
सद्गुण,धर्म
सद्गुरुवा,थर
सनकत,थर
सनमानी,थर
सनारी,थर
सनी,मौसम
सनुम,थर
सन्की,गालि
सन्जेल,थर
सन्ज्याल,थर
सन्ताउन्न,अङ्क
सन्तानब्बे,अङ्क
सन्ध्याङ्मू,थर
सपलेग,थर
सपलेङ्गी,थर
सपुले,थर
सप्तकोसी,ठाउँ
सप्तरिया,थर
सप्लानाम,थर
सप्लुङे,थर
सबफ,थर
सबाङमी,थर
सबैला,ठाउँ
सब्जिफ्रोस,थर
सभापोखरी,ठाउँ
समय,समय
समर,थर
समरछा,थर
समरी,थर
समाङ्ज,थर
समाजवाद,राजनिती
समाजवादी,राजनिती
समारु,थर
समाल,थर
समुद्र,भूगोल
समुद्रको किनारा,भूगोल
समुन्द्रे,थर
समै,थर
सम्जे,थर
सम्दी,थर
सम्पादक,पेशा
सम्प्रदाय,धर्म
सम्यू,थर
सम्राट्,पेशा
सम्वाहाम्फे,थर
"संयुक्त, हाडको जोर्नी",अंग
संरक्षक,सम्बन्ध
सरङ्गी,थर
सरतुके,थर
सरदार,थर
सरनरिया,थर
सरब्ज,थर
सरम नभएको,गालि
सरल,थर
सरस्वती,थर
सराकसारी,थर
सराङ्कोटी,थर
सराङ्गी,थर
सराबरिया,थर
सराल,थर
सरावगी,थर
सरितोपा,थर
सरिया,थर
सरुजहाँ,थर
सरुनकोटी,थर
सरुवा रोग,गालि
सर्किनी,गालि
सर्केगाड,ठाउँ
सर्खुम्बा,थर
सर्चू,थर
सर्तिआ,थर
सर्तुग,थर
सर्तू,थर
सर्प,जनावर
सर्बजा,थर
सर्बुजा,थर
सर्भुजा,थर
सर्राफ,थर
सर्वहारा,राजनिती
सर्वाङ्ग,गालि
सलगम,वनस्पति
सलाका,थर
सलामी,थर
सलिकुच्चोमू,थर
सवाङ्जे,थर
संविधान,राजनिती
संसार,भूगोल
ससुरा,सम्बन्ध
सहनी,थर
सहवासी,कानून
सहिदनगर,ठाउँ
सहिदभूमि,ठाउँ
सहिनी,थर
सहुङ,थर
सहोदर,सम्बन्ध
साइको,गालि
साइपो,थर
साउत,थर
साउथोकी,थर
साउने,थर
साकेचा,थर
साकेला,ठाउँ
साक्लेन,थर
साक्सानाम,थर
साखकर्मी,थर
साख्वा,थर
साग,थर
साँगाछे,थर
साँगुरगढी,ठाउँ
सागुर्प,थर
साङपाङ,थर
साङमी,थर
साङ्कू,थर
साङ्खेलचो,थर
साङ्गलो,कीरा
साङ्गामी,थर
साङ्गेन्छा,थर
साङ्छे,थर
साङ्बा,थर
साङ्लो,गालि
साङ्लोले बाँध्नुपर्ने,गालि
साचोक,थर
साँझ,समय
साठी,अङ्क
साठीघरे,थर
साँढे,गालि
साँढे,जनावर
सात,अङ्क
सातघरे,थर
सातिपा,थर
सातेरुङछा,थर
सादाप्चू,थर
साँध,थर
साना,थर
सानालुङ,थर
सानीभेरी,ठाउँ
साने,थर
सान्था,थर
सान्नीत्रिवेणी,ठाउँ
सापकोटा,थर
सापा,थर
साप्राचा,थर
साप्लाहेन,थर
साफी,थर
साब्याङ,थर
साब्रे,थर
साभा,थर
साम,थर
सामङसोङ,थर
सामन्ती,गालि
सामन्ती शोषक,गालि
सामसोङ्ला,थर
सामारादोमारू,थर
सामारुङ,थर
सामालाता,थर
सामी,थर
साम्के,थर
साम्खाङ,थर
साम्तेवा,थर
साम्देन,थर
साम्पाङ,थर
साम्पुरुङ,थर
साम्प्रदायिक,गालि
साम्बा,थर
साम्बुहाङ,थर
साम्बेवा,थर
साम्बेवाछा,थर
साम्यवाद,राजनिती
साम्याबाव,थर
साम्यो,थर
साम्सी,ठाउँ
साम्सुङ,थर
साम्सुङजे,थर
साम्सुद्यन्छा,थर
साम्सुहाङ,थर
साम्सोङ,थर
साम्सोहाङ,थर
साँयजू,थर
सायमि,थर
सायल,ठाउँ
सायोस,थर
सारदा,थर
सारस,चरा
सारहँचू,थर
साराज,थर
सारी,गालि
सारु,थर
सारू,थर
सार्की,गालि
सार्की,पेशा
सार्थुङ,थर
साला,गालि
साला कुकुर,गालि
साला खाते,गालि
साला पागल,गालि
साला भेडा,गालि
सालिके,थर
सालिखाम्स,थर
सालिचा,थर
सालिमखङ,थर
साले,गालि
साले चोर,गालि
साले हावा,गालि
सालेबुङ्छा,थर
साल्पासिलिछो,ठाउँ
साल्मी,थर
साँवा,थर
सासु,सम्बन्ध
साह,थर
साहनी,थर
साहा,थर
साहुखल,थर
साहू,थर
सिंक,भान्सा
सिकर्मी,पेशा
सिकर्मी,थर
सिकारिया,थर
सिकेमन,थर
सिक्तेल,थर
सिक्रीकार,थर
सिँख्वाल,थर
सिँगान,गालि
सिँगारु,गालि
सिगास,ठाउँ
सिगू,थर
सिग्देल,थर
सिंघल,थर
सिंघानिया,थर
सिङघानिया,थर
सिङसापा,थर
सिङ्गर,थर
सिङ्गे,थर
सिङ्घक,थर
सिङ्द्याङ्मू,थर
सिजख्व,थर
सिँजाली,थर
सिटौला,थर
सिंढारी,थर
सितिखू,थर
सितुङ,थर
सितुङ्खा,थर
सित्लिङ,थर
सिदकट,थर
सिदारी,थर
सिदिङ्वा,ठाउँ
सिद्धकुमाख,ठाउँ
सिद्धलेक,ठाउँ
सिद्धान्त,धर्म
सिन,थर
सिनन्दन,थर
सिने,थर
सिन्केमन,थर
सिन्को भाँचेको,गालि
सिन्गू,थर
सिन्गे,थर
सिन्जा,ठाउँ
सिन्जाङ्गो,थर
सिन्ताखल,थर
सिन्तो,थर
सिन्था,थर
सिप्तुङ्खा,थर
सिप्तुन्खाचा,थर
सिप्लुङ,थर
सिबहान्छा,थर
सिबाहाङ,थर
सिबिरिग,थर
सिबिरिबो,थर
सिबोरोप,थर
सिब्जिन,थर
सिम,थर
सिमई,थर
सिमलदिया,थर
सिमस्या,थर
सिमाल,थर
सिमाले,थर
सिमिक,थर
सिमीकोट,ठाउँ
सिम्खडा,थर
सिम्छेक,थर
सिम्ता,ठाउँ
सिम्पोङ,थर
सिम्रौनगढ,ठाउँ
सियलवाङ,थर
सियोलाम,थर
सिर,थर
सिरपाली,थर
सिरब्राली,थर
सिरानचोक,ठाउँ
सिरासिक,थर
सिराहा,ठाउँ
सिरिजङ्गा,ठाउँ
सिरिपोच,थर
सिरिस,थर
सिरेङ,थर
सिरोट,थर
सिरोहिया,थर
सिलखाल,थर
सिलवाल,थर
सिलिङ,थर
सिलिङछे,थर
सिलिछेँ,थर
सिलिहोङ,थर
सिलीचोङ,ठाउँ
सिलुङ,थर
सिलेहँ,थर
सिलोहङछा,थर
सिवाहाङ,थर
सिवोक्का,थर
सिस्नु पानी,गालि
सिस्ने,ठाउँ
सिंह,जनावर
सिंह,थर
सिंहल,थर
सुइल,थर
सुकामनी,थर
सुकित,थर
सुकुपायो,थर
सुकुभट्टू,थर
सुकू,थर
सुक्खा,मौसम
सुक्वावा,थर
सुखाङ,थर
सुखीपुर,ठाउँ
सुख्खा मौसम,मौसम
सुगा,चरा
सुँगुर,गालि
सुँगुर,जनावर
सुँगुर्नी,गालि
सुँघ्नु,गालि
सुङ्गर्पा,थर
सुच्चा,थर
सुज,थर
सुजरक,थर
सुजिच,थर
सुजुखू,थर
सुट,गालि
सुट्टो,गालि
सुडी,थर
सुत,थर
सुतपहरे,थर
सुतिहार,थर
सुत्नु,गालि
सुत्राप,थर
सुथ,थर
सुथी,थर
सुदेम्बा,थर
सुधी,थर
सुनकोसी,ठाउँ
सुनखर,थर
सुनधुवाँ,थर
सुनपति,थर
सुनबर्सी,ठाउँ
सुनरइत,थर
सुनरैत,थर
सुनहरी,थर
सुनाई,थर
सुनापति,ठाउँ
सुनाम,थर
सुनामी,मौसम
सुनार,थर
सुनारी,थर
सुनाहा,थर
सुनी,थर
सुनुवार,थर
सुन्तला,वनस्पति
सुन्दरबजार,ठाउँ
सुन्दरहरैँचा,ठाउँ
सुन्दुबार,थर
सुन्हार,थर
सुपार,थर
सुपारी,वनस्पति
सुबाल,थर
सुबी,थर
सुब्बा,थर
सुमा,थर
सुमी,थर
सुम्दिचाचो,थर
सुयङ,थर
सुयल,थर
सुँयल,थर
सुर,थर
सुरङ्गी,थर
सुरपति,थर
सुरमादेबी,ठाउँ
सुरसमान,थर
सुरा,थर
सुराण,थर
सुराना,थर
सुरारी,थर
सुरी,थर
सुरुङ्गा,ठाउँ
सुरेका,थर
सुर्नया,ठाउँ
सुर्पाक,थर
सुर्फोङ,थर
सुर्बा,थर
सुर्मा,ठाउँ
सुलीकोट,ठाउँ
सुलुजू,थर
सुलू,थर
सुल्तानिया,थर
सुवर्ण,ठाउँ
सुवर्णकार,थर
सुवाल,थर
सुवेदी,थर
सुसमाचार,धर्म
सुसुच,थर
सुसुलिन,थर
सुसुलिम,थर
सुसुली,थर
सुस्युचा,थर
सुस्लिङ,थर
सुहाङ,थर
सुहे,थर
सूर्य,मौसम
सूर्य,ब्रह्माण्ड
सूर्य,भूगोल
सूर्यगढी,ठाउँ
सूर्यविनायक,ठाउँ
सूर्यास्त,समय
सूर्योदय,समय
सृष्टिकर्ता,धर्म
सेक्नेपेदेन,थर
सेक्स,गालि
सेच्या,थर
सेजुवाल,थर
सेठ,थर
सेठिया,थर
सेढाईं,थर
सेताल्चू,थर
सेतिमहर,थर
सेत्रोचा,थर
सेन,थर
सेनभिङ्ग्री,थर
सेनवाल,थर
सेनाम,थर
सेनेहाङ,थर
सेन्चुरी,थर
सेन्दरिया,थर
सेन्दाङ,थर
सेन्द्रिया,थर
सेब्रोहोङ,थर
सेम्रे,थर
सेरङे,थर
सेरला,थर
सेराली,थर
सेरी,थर
सेर्चा,थर
सेर्पाली,थर
सेर्मा,थर
सेर्वा,थर
सेल,कानून
सेल्जा,थर
सेल्जाङ,थर
सेल्भा,थर
सेल्सियस,मौसम
सेवा,थर
सैँजू,थर
सैतान,गालि
सैँतिस,अङ्क
सैदेन,थर
सैपाल,ठाउँ
सैयद,थर
सोइन्छा,थर
सोकुच,थर
सोक्वाहा,थर
सोगमिखा,थर
सोगोमू,थर
सोङगेच्यो,थर
सोङग्रच्यो,थर
सोङरेन,थर
सोङ्ला,थर
सोचुल,थर
सोजे,थर
सोझामुरा,थर
सोठी,थर
सोडारी/सोणारी,थर
सोढाणी,थर
सोतमाछा,थर
सोताङ,ठाउँ
सोताङगेछा,थर
सोताङे,थर
सोती,थर
सोत्माली,थर
सोथोङ,थर
सोदा,थर
सोदेम्बा,थर
सोनथलिया,थर
सोनप,थर
सोनम,ठाउँ
सोनाम,थर
सोनार,थर
सोनाहा,थर
सोनाहाङ,थर
सोनी,थर
सोम,थर
सोमई,थर
सोमस्या,थर
सोमादी,ठाउँ
सोमानी,थर
सोमार,थर
सोमै,थर
सोमैफाङ,थर
सोम्फोरू,थर
सोम्मू,थर
सोयोङ,थर
सोरन,थर
सोरलुङ,थर
सोरहन्च,थर
सोरहिया,थर
सोराली,थर
सोरू,ठाउँ
सोर्निन्जेन,थर
सोलङ्गी,थर
सोलरिया,थर
सोलोबो,थर
सोल्मी,थर
सोवारी,थर
सोहिवा,थर
सोहोन,थर
सोह्र,अङ्क
सौर,ब्रह्माण्ड
सौवा,थर
स्टर्क,चरा
स्तन,गालि
स्तन,अंग
स्त्रीलम्पट,गालि
स्नायु,अंग
स्पुरा,थर
स्या,थर
स्याऊ,वनस्पति
स्याकिल्चो,थर
स्याङतान,थर
स्याङ्जाली,गालि
स्याङ्तान,थर
स्याङ्तेन,थर
स्याङ्दान,थर
स्याङ्देन,थर
स्याङ्बो,थर
स्याङ्वा,थर
स्याताल्चू,थर
स्यान,थर
स्याप्पा,थर
स्याब्जू,थर
स्याब्दिमिस,थर
स्यामा,थर
स्यामी,थर
स्याम्रेच्यो,थर
स्याल,गालि
स्याल,जनावर
स्योजाल,थर
स्योनाम,थर
स्योरोलुङ,थर
स्रितेन,थर
स्रिपाली,थर
स्रिस,थर
स्वँगमिखा,थर
स्वघोषित,गालि
स्वप्नदोष,गालि
स्वर्ग,धर्म
स्वर्गदूत,धर्म
स्वर्णकार,थर
स्वाइनल,कानून
स्वाँठ,गालि
स्वाँर,थर
स्वार्थमा लिप्त,गालि
स्वार्थी,गालि
स्वास्नी,गालि
ह,गालि
हक्दी,थर
हँखेल,थर
हगाइ भन्दा पदाइ धेरै,गालि
हग्नु,गालि
हङकाङसी,थर
हङेल,थर
हङ्गेलू,थर
हङ्छेन,थर
हचरेप,थर
हचाम्छाली,थर
हचेर्पा,थर
हज,धर्म
हजरा,थर
हजाम गर्नु,गालि
"हजाम, नाई",पेशा
हजार,अङ्क
हजारा,थर
हजिपा,थर
हजुर,थर
हजुरआमा,सम्बन्ध
हजुरबुवा,सम्बन्ध
हडइलच्यो,थर
हडेवा,ठाउँ
हड्डी,अंग
हड्डी भाँच्नु,रोग
हतुवागढी,ठाउँ
हतेपा,थर
हत्केला,अंग
हत्या,कानून
हत्यारा लुटेरा,गालि
हदिची,थर
हदिचू,थर
हदुक,थर
हदुकू,थर
हनुमान,गालि
हनुमानगिरी,गालि
हनुमाननगर,ठाउँ
हनेला,थर
हन्दुक,थर
हपारम्योर्ती,थर
हप्ता,समय
हमरुचू,थर
हमाल,थर
हमेले,थर
हमोलछाङ,थर
हम्बैसी,थर
हम्रुङ,थर
हम्रेवा,थर
हरच,थर
हरदैली,थर
हरलालका,थर
हरसुङ्छा,थर
हरामी,गालि
हरिङबुछा,थर
हरिजन,थर
हरिथङ्गा,थर
हरिनगर,ठाउँ
हरिनास,ठाउँ
हरिपुर,ठाउँ
हरिपुर्वा,ठाउँ
हरिम्बू,थर
हरियो बाँस,गालि
हरियो मटर,वनस्पति
हरिवन,ठाउँ
हरिहरपुरगढी,ठाउँ
हरुलाबुरा,थर
हरेलुछा,थर
हर्दिया,थर
हर्निया,रोग
हलखोर,थर
हलम्दी,थर
हलस्चोस,थर
हलिसे,थर
हली,गालि
हलुङ्चा,थर
हलुवाई,थर
हलेम्बू,थर
हल्कलू,थर
हल्दीबारी,ठाउँ
हल्दोङ,थर
हल्सबोस,थर
हवारी,थर
हवार्मी,थर
हंस,चरा
हंसपुर,ठाउँ
हसुरी,गालि
हसुर्नु,गालि
हस्तमैथुन,गालि
हस्तिच्यो,थर
हस्तेहाद,थर
हस्दा,थर
हाइदिबुङ,थर
हाइपाच्यो,थर
हाउपाली,थर
हाकाहाङ,थर
हाकुडुब,थर
हाकुदुवाल,थर
हाकुम,थर
हाङकेच्य,थर
हाङखिम,थर
हाङखोप,थर
हाङगाना,थर
हाङगेलू,थर
हाङग्रिन,थर
हाङचुवा,थर
हाङछाङ,थर
हाङताङखा,थर
हाङदुङ,थर
हाङमा,थर
हाङरिम,थर
हाङलेन,थर
हाङलेना,थर
हाङसिङ,थर
हाङसी,थर
हाङसुरुम्बा,थर
हाङसू,थर
हाङसोङ,थर
हाङ्गाम,थर
हाचाहाङ,थर
हाछेथू,थर
हाजिरिप,थर
हाडा,थर
हाँडी घोप्टे,गालि
हात,अंग
हाताकी,थर
हाताचो,थर
हादई,थर
हादिङ्ख्र,थर
हादिछा,थर
हादिरा,थर
हादिरिप,थर
हादुपाली,थर
हानितिङ्गे,थर
हान्याली,थर
हाबेर्मी,थर
हाबोऊ,थर
हामिच्यो,थर
हामी बसेको आकाशगंगा,ब्रह्माण्ड
हायाराङ,थर
हायु,थर
हायो,थर
हाराखुङ,थर
हारासू,थर
हारित,थर
हारिम्बू,थर
हार्बेमी,थर
हालङगी,थर
हालावेर,थर
हालीमुहाली,गालि
हालेयो,थर
हावा,गालि
हावा,मौसम
हावा,भूगोल
हावा,थर
हावा कुरा,गालि
हावा बुढा,गालि
हावादारी,गालि
हावापानी,मौसम
हाँस,चरा
हांस,चरा
हास्य कलाकार,पेशा
हिउँ,मौसम
हिउँ,भूगोल
हिउँसी,थर
हिङदुल,थर
हिङ्गी,थर
हिजडा,गालि
हिजो,समय
हितान,थर
हिन्द,जनावर
हिन्दु,धर्म
हिप,अंग
हिब्रू,धर्म
हिमनदि,भूगोल
हिमपात,मौसम
हिमलाक,थर
हिमा,ठाउँ
हिमाली,ठाउँ
हिम्मत नभएको,गालि
हिरणी,जनावर
हिरन,थर
हिराङ,थर
हिराचन,थर
हिराहाङ,थर
हिलिहाङ,ठाउँ
हिसारिया,थर
हिस्की,थर
हुइलुङ,थर
हुकचोक,थर
हुकुमपुरिया,थर
हुकुलामा,थर
हुँगा,ठाउँ
हुग्दी,ठाउँ
हुजहार,थर
हुड्के,थर
हुतिङ,थर
हुतिया,थर
हुतीहारा,गालि
हुतुराई,थर
हुत्चम,थर
हुनचन,थर
हुनचिन,थर
हुन्जाली,थर
हुन्ज्याली,थर
हुमागार्इं,थर
हुरुन्च्या,थर
हुरू,थर
हुर्लू,थर
हुला,थर
हुसेन,थर
हृदयघात,रोग
हेङ्वा,थर
हेटौँडा,ठाउँ
हेडा,थर
हेताम,थर
हेनयोङ,थर
हेमराङ,थर
हेमराछा,थर
हेमराम,थर
हेलझेलिया,थर
हेलम्बु,ठाउँ
हेलेम्सी,थर
हेवाङ्छा,थर
हैजा,गालि
हैजा,रोग
होकिम,थर
होगदेही,थर
होङ,थर
होङसुङ,थर
होङेलू,थर
होटेलको मुख्य भान्से,पेशा
होडा,थर
होताङ्की,थर
होतेलू,थर
होदिबू,थर
होनिती,थर
होनिल,थर
होपइदुङ,थर
होपइलुङ,थर
होपाती,थर
होपोत्तिस,थर
होमराङ,थर
होमेहोङ,थर
होमोङ,थर
होम्बाराक,थर
होम्रा,थर
होम्रोङ,थर
होया,थर
होयोक्वा,थर
होरो,थर
होरोखा,थर
होलक्सू,थर
होलङ्गी,थर
होलपी,थर
होलसामी,थर
होलाङ्दी,ठाउँ
होलुम्बू,थर
होलोत्ती,थर
होस्की,थर
होस्लामी,थर
होहोङ्वा,थर
ह्नान्सी,थर
ह्याउ नभएको,गालि
ह्याउमिखा,थर
ह्याकुलेस,थर
ह्याङतोन,थर
ह्यारिखाप,थर
ह्योङ्ग,थर
ह्योङ्गभिखा,थर
ह्योजू,थर
ह्योपा,थर
ह्लोपा,थर
ह्वागुचे,थर
ह्वायो,थर
ह्वेल,जनावर
,रोग